code;product_name;brands;nutriscore_grade;nova_group;additives_found;additives_names;additives_risk_levels;ingredients_text
00085600;Caña crema al cacao;Hacendado;unknown;4;E171;Dióxido de titanio;alto;Relleno de crema (349%) (jarabe de glucosa, dextrosa, agua, amucaralmidon 167 modificado (E142)estabilizadores (glicerina, E460, E466), sal, conservador (sorbato potasico), colorantes (E171, E160a) harina de trigo (gluten), cobertura vegetal de cacao (15,0%) (azucar, qrasa vegetal totalmente hidroge
0019044924173;;;unknown;4;E102;Tartrazina;alto;FANTA PINEAPPLE BEBIDA REFRESCANTE CARBONATADA CON SABORA Ingredientes: agua carbonatada, jarabe de maíz alto en fructos naturales, almidón modificado, conservantes (E202, E211), com de coco, sal, emulgente (E444), colorantes artificiales: E102, E negativos sobre la actividad y atención de los niños
0043438403883;;Crown;d;3;E320|E321;BHA (Butilhidroxianisol)|BHT (Butilhidroxitolueno);alto|alto;WHEAT FLOUR, VEGETABLE FAT (PALM, ANTIOXIDANTS E320, E321), BARLEY MALT EXTRACT, YEAST, SALT, RAISING AGENT (SODIUM BICARBONATE). MAY CONTAIN TRACES OF MILK, EGG, NUTS, SOYA AND SESAME.GALLETAS CRACKERS.
0044000007076;;;unknown;4;E122;Azorrubina, Carmoisina;alto;azúcar agua,aroma a granadina,acidulane: ácido cítrico E122,E133
0086158316897;Skittles fruit;;unknown;4;E171;Dióxido de titanio;alto;Socker, glukossirap, palmfett, syror: E330, E296, dextrin, maltodextrin, aromer, modifierad stärkelse, surhetsreglerande medel: E331, färgämnen: E120, E100, E171, E132, E160e, E133, ytbehandlingsmedel: E903, emulgeringsmedel: polyglycerolestrar av fettsyror,
0201037448319;;;c;4;E250;Nitrito sódico;alto;maltodextrine, e451, e450, e331, e301 fibre végétale, e250
0480420000055;Torcidas fresa;;unknown;4;E129;Rojo Allura AC;alto;TORCIDAS FRESA Ingredientes: Jarabe de glucosa-fructosa, harina de TRIGO, (contiene GLUTEN), agua, almidon de maiz, azucar, acidulantes: E330, E270, grasa de palma, corrector de acidez E-331, E-325, aroma, sal, conservante: E-202 emulgente: E-471, colorantes: E-120 E-122, E129 Agentes de recubrimien
0611508175635;Power boost;Taste of America;unknown;4;E129;Rojo Allura AC;alto;d DBZ VEGETA POWE BOOST ENERGY DRINK 355 ML BEBIDA AROMATIZADA Ingredientes: Agua, jarabe de maiz alto en fructosa, corrector de la acidez (E330, E331), taurina, aroma natural, cafeina, conservantes (E202, E212), extracto de ginseng, extracto de guarana, inositol, vitamina B3, vitamina B5, vitamina 
0673367832111;Mochi melon;yuki & love;unknown;4;E102;Tartrazina;alto;relleno de melon (jugo de melon 40%, calabaza blanca, azucar, maltosa, aceite de palma, aromas) 41.8%, maltosa, azucar, harina de arroz glutinoso, fecula de patata, conservante E200, colorantes (E102,E133).
0887725001006;;Electrolit;unknown;4;E102;Tartrazina;alto;1071607 Prot Sal Potasio 0,07 g 78 mg (4%)** 488 mg 24% *Ingesta de referencia de un adulto medio (8400kJ/2000kca **VRN: Valor de Referencia del Nutriente Ingredientes: Agua, dextrosa, lactato de sodio, acidulan citrico), aroma de naranja, cloruro de potasio, melaza, cloruro de cloruro de sodio, col
09403451;fideos instantáneo;yum yum;unknown;4;E320;BHA (Butilhidroxianisol);alto;Fideo harina de trigo, aceite de palma (aceite de paima, antoxidante : E319), almión de, tapioca, sope aromatizntes, potendadores del sabor. E635, extracto de levadura), sal, reguladores de la acidez: E500, E452, E451, espesantes: E466. Condimentos: verduras (zanahoria, ajo, maíz, cebolleta), aceite
12644029;All-Bran. Bizcochito Fruta y Fibra;Kellogg's;unknown;4;E320;BHA (Butilhidroxianisol);alto;Cereales (30%) (salvado de trigo (12%), harina de trigo (9%), copos de avena integral (9%), jarabe de glucosa-fructosa, pure de manzana (12%), aceite de girasol, jarabe de glucosa, pasas sultanas (5,5%) (humectante: glicerol), azucar, fibra de avena, fructosa, jarabe de azucar parcialmente invertido
13656652;;Hema;unknown;4;E171;Dióxido de titanio;alto;Azúcar, cacahuete 20%, leche entera en polvo, masa de cacao, manteco de cacao, suero lácteo en polvo, emulgente lecitina da soja, aromas, espesantes E414 140 Corantes E101 E120 E133 E1600 E171, agentes de recubrimiento E901 E903 E904, jarabe de glucosc Puede contener gluten, trigo, centeno, cebada, 
2000000016990;Pate campana;La inmaculada;unknown;4;E214|E250;Etilparabeno|Nitrito sódico;alto|alto;Panceta de cerdo, cebolla, ajo, higado de cerdo, sal, azucar, especias, E451 E452, E450, E301, E621, fecula de patata, E202, E214,  E301, Proteina de leche, E250
20012939;Salchichas;Dulano;e;4;E250;Nitrito sódico;alto;83% carne de cerdo, agua, sal, tocino, especias (contienen _mostaza_), estabilizantes (E331, E450), dextrosa, proteína hidrolizada (colza, maíz), antioxidantes (E315, E316), conservador E250, humo de madera de haya.
2004060059303;Pechuga de Pavo Cocida Ahumada;La Tabla. Aldi;a;4;E250;Nitrito sódico;alto;Pechuga de pavo (93%), sal, jarabe de glucosa, aromas, azúcar, gelificante (E407), estabilizante (E451), sal potásica, fibra vegetal, antioxidante (E301), conservador (E250). Ahumado con madera de haya.
20149659;Saucisson de payes;Realvalle;e;4;E250;Nitrito sódico;alto;Porc, sel, antioxidants: sulfite de sodium, champignons Lactobacile , dextrine, stabilisants: sorbitol , piment , antioxydants: erythorbate de sodium conservateurs: nitra de potassium , e250 , colorant: e120
2018821199993;Marzipan;Hema;e;4;E171;Dióxido de titanio;alto;sucre, 20% amandes, stabilisant E420, sirop de glucose, épaississant E466, humectant E1103, acidifiant E330, arôme d'amande, concentré d'algues, colorants E120, E153, E160a, E161b, E171.
2087569003329;Costilla adobada;Hemosa;d;4;E250;Nitrito sódico;alto;Costilla de cerdo, sal, antioxidantes: E301 E331 E125 conservantes: E250, E262, dextrosa, azúcar, pimentón, especias y aroma natural.
2183873001577;Cinco Jotas Media Cana de Lomo de Bellota 100% Iberico;Cinco Jotas;e;3;E250;Nitrito sódico;alto;Lome de cerdo 100% ibérico, sal marina, pimentón, espesa antaxrdante E-301 (Ascorbato de sodio), conservadores E-252 (Nitrato de pea E250 Ntrito sódico)
2301879003535;Fiambre de pechuga de pavo adobada;mercadona;unknown;4;E250;Nitrito sódico;alto;Pechuga de pavo (57%), agua, fécula de patata, proteína de soja, sal, proteína láctea y lactosa (LECHE), regulador de la acidez, (E325), estabilizantes (E450i, E451i, E407), aromas, aroma de humo, antioxidantes (E331, E301), especias, conservador (E250), y colorante (E120), recubrimiento tripa comes
2302836003582;Pechuga pimentón;Elaborados pavo;b;4;E250;Nitrito sódico;alto;Pechuga de pavo 87%, agua, sal, dextrosa de maíz, conservadores (E326, E261, E250), estabilizantes (E451, E407), aromas, dextrina de maíz, antioxidantes (E331, E300), colorante (E160c), recubrimiento 1% (pimentón, especias).
2302837003451;Chuleta ajillo;Pavo;b;4;E250;Nitrito sódico;alto;Muslo de pavo 90%, agua, vino, sal, dextrosa de maíz, aromas, conservadores (E326, E261, E250), estabilizantes (E451, E407), dextrina de maíz, antioxidantes (E331, E300), recubrimiento &lt,2% (ajo-perejil).
2303443002647;Pavo a tacos al ajillo;Elaborados pavo;a;4;E250;Nitrito sódico;alto;Muslo de pavo 90%, agua, vino, sal, dextrosa de maíz, aromas, conservadores (E326, E261, E250), estabilizantes (E451, E407), dextrina de maíz, antioxidantes (E331, E300), recubrimiento &lt,2% (ajo-perejil).
2303443003118;Pavo a tacos ajillo;Procavi;a;4;E250;Nitrito sódico;alto;muslo de pavo 90%, agua, vino, sal, dextrosa de maíz, aromas, conservadores (E326, E261, E250), estabilizantes (E451, E407), dextrina de maíz, antioxidantes (E331, E300).
2304156004256;Brochetas de pavo;Pavo;a;4;E250;Nitrito sódico;alto;Carne de pavo 80% (pierna de pavo 95%, agua, sal, dextrosa de maíz, aromas, conservadores (E326, E261, E250), estabilizantes (E451, E407), dextrina de maíz, antioxidantes (E300, E331)), pimiento verde 12%, pimiento rojo 8%.
2305046006428;Lomo adobado de cerdo familiar;Mercadona;c;4;E250|E252;Nitrito sódico|Nitrato potásico;alto|alto;lomo de cerdo 90%, agua, sal, azúcar, especias, pimentón, antioxidante E301, antioxidante E331, estabilizante E451, estabilizante E452, conservador E250, conservador E252.
2321909007425;Pollo deshuesado a mano asado;Hacendado;d;4;E250;Nitrito sódico;alto;pollo entero deshuesado 45%, agua, sal, almidón de patata, estabilizante E450, estabilizante E451, dextrosa, proteínas de la _leche_, potenciador del sabor E621, antioxidante E331, antioxidante E301), aromas, aroma de humo. Relleno (carne de cerdo, agua, _huevo_ 11%, jamón 6% (jamón de cerdo, sal), 
2350303003818;Old Amsterdam;Westland;e;4;E251;Nitrato sódico;alto;leche pasteurizada de vaca, sal, fermentos lácticos (leche), cuajo, conservador (E251), colorante (carotenos) Naturalmente sin lactosa.
2350416003378;Queso semicurado gouda;;d;4;E251;Nitrato sódico;alto;leche de vaca pasteurizada, sal, fermentos lacticos, cuajo, conservador E251, colorante E 160a
2354052003945;Cabecero de lomo;Hacendado;e;4;E250|E252;Nitrito sódico|Nitrato potásico;alto|alto;Cabecero de lomo de cordo, sal, pimentones, dextrosa, antioxidantes E331, E301, aromas, ajo, especias y conservadores E250, E252 tratamiento de superfivie: conservadores E202, E235
2358307000819;Hueso garrón;Incarlopsa;e;3;E252|E250;Nitrato potásico|Nitrito sódico;alto|alto;Jamón, paleta de cerdo, sal, azúcar, antioxidantes (E331, E301), conservadores (E252, E250).
236847880000100450001801;Queque yogur limón;;unknown;4;E102|E110;Tartrazina|Amarillo Ocaso FCF;alto|alto;Harina de TRIGO [antioxidantes (E300), agentes tratamiento de la harina (E920) y enzimas], azúcar, HUEVOS, agua, aceite de girasol, LECHE entera en polvo, YOGUR en polvo [Dextrosa, in polvo (12%), LECHE descremada en polvo, maltodextrinas, antioxidante (E330), aromas, LACTOSA, gasificantes (E500ii, 
2400032008001;Filete de lomo adobado familiar;dia;d;4;E250;Nitrito sódico;alto;Lomo de cerdo, agua, sal, antioxidante E325, extracto de especias, emulgentes E451i, E450ii, E452i, gelificante E407, corrector de acidez E331iii, antioxidante E301, proteina de cerdo, conservadores: E262, E250, dextrosa, azúcar, pimentón y especias.
24005760;Pechuga de Pavo Cocida Bajo Contenido el Sal;La Tabla de Aldi;a;4;E250;Nitrito sódico;alto;Pechuga de pavo (93%), sal, jarabe de glucosa, gelificante (E407), azúcar, estabilizante (E451), sal potásica, aroma, fibra vegetal, antioxidante (E301), conservador (E243,E250), extractos de especias.
2401050003894;Filete de pavo extratierno;Dia;a;4;E250;Nitrito sódico;alto;Pechuga de pavo, agua, sal, dextrosa de maíz, aromas, conservadores (E326, E261 y E250), estabilizantes (E451 y E407), dextrina de maíz, antioxidantes (E330 y E331).
24014649;Muslo de pavo;Delicato;b;4;E250;Nitrito sódico;alto;Muslo de pavo (90%). agua, sal, azúcar, jarabe de glucosa, aromas, estabilizante (E451), antioxidante (E301), conservador (E250). Ahumado con madera de haya.
24017824;Jamón cocido extra;Delicato;c;4;E250;Nitrito sódico;alto;Carne de cerdo (96%),  sal yodada (sal, yodato potásico),  dextrosa,  extracto de especias,  antioxidante (E301),  estabilizante (E451),  conservador (E250).
24075657;Pizza fresca jamon y queso;Mamma Mancini;d;4;E250;Nitrito sódico;alto;Harina de trigo y centeno, queso mozzarella (22%), jamón cocido extra (20%) (jamón de cerdo, agua, aromas, dextrosa, sal, estabilizantes (E451, E407, E262, E508, E412) antioxidante  (E316) y conservador E250)), agua, salsa de tomate (puré de tomate, agua, azúcar, almidón modificado de maíz,  sal, an
24080590;Pechuga de pavo cocida;Delicato;b;4;E250;Nitrito sódico;alto;Pechuga de pavo (90 % ) , agua, sal yodada, dextrosa, especias, extracto de especias, estabilizante (E451), antioxidante (E301), conservador (E250).
24080866;Llonganissa de Vic;;unknown;;E252|E250;Nitrato potásico|Nitrito sódico;alto|alto;Paleta y magro de cerdo, dados de tocino de cerdo, sal, pimienta negra, azúcar, conservadores (nitrato potásico E252 y nitrito sódico E250).
2500214003234;Chuletas de pavo al ajillo;Dia;unknown;4;E250;Nitrito sódico;alto;Contramuslo de pavo (90%), agua, sal, dextrosa de maíz, aromas, conservadores (E326, E261, E250), estabilizantes (E451, E407), dextrina de maíz, antioxidantes (E300, E331). Recubrimiento (1%): ajo y perejil
2500256004954;Filete de lomo adobado familiar;dia;d;4;E250;Nitrito sódico;alto;lomo de cerdo, agua, sal, antioxidante E325, extracto de especias, emulgente E451i, emulgente E450iii, emulgente E452i, gelificante E407, corrector de acidez E331iii, antioxidante E301, proteína de cerdo, conservador E262, conservador E250, dextrosa, azúcar, pimentón, especias.
2509182004694;Pit de pollastre arrebossat amb pernil cuit i formatge;Bonpreu;c;4;E250;Nitrito sódico;alto;Pit de pollastre (53%), arrebossat (28%) (ou pasteuritzat, pa ratilat sense gluten (blat de moro, arròs, oli vegetal de gira-sol, dextrosa, emulgent (E471), glucosa caramel.litzada i colorant (E160c)) i sal), pernil cuit (12%) (pernil de porc, aigua, sal, maltodextrina, xarop de glucosa, conservador
2512206004327;Filete de pavo marinado ajillo;;a;4;E250;Nitrito sódico;alto;pechuga de pavo 87%, agua, vino, conservantes (E325, E262, E250), sal, antioxidantes (E331, E301), dextrosa, fibras vegetales, recubrimiento ajo y perejil 1%.
2583063003181;Chuleta de pavo marinada al ajillo;;d;4;E250;Nitrito sódico;alto;muslo de pavo 90%, agua, vino, conservantes (E325, E262, E250), sal, antioxidantes (E331, E301), dextrosa, fibras vegetales, recubrimiento ajo y perejil 1%.
2584150007846;Lomo embuchado;Monroyo;e;4;E250|E252;Nitrito sódico|Nitrato potásico;alto|alto;lomo de cerdo, sal, azúcar, pimentón, aromas, especias, estabilizantes (E452i, E415), artioxidantes (E301, E331iii), conservadores (E202, E235, E250, E252), corrector de acidez (E262).
2601085001913;Queso Gouda;;d;4;E251;Nitrato sódico;alto;LECHE pasteurizada de vaca, sal, fermentos LACTICOS, cuajo, conservador E251, colorante (E160b). Graso.
2604038001251;Mini hojaldres variados;Consum;e;4;E250;Nitrito sódico;alto;Paté porc, aigua, mido, sal, PROTEIN SDIA, LIET, estabilitzant (E450, E461, E412, E451 E407), pot. gust (E621), antioxidant (E316, E330 E301, E331, E304, E306, E300), conservador (E200 E250), sobrassada, carn porc, pebre vermell, PRO TEYNA SOIA, LLET, tomàquet, TOYINA, SERUM LACTI, maltodextrina, ge
2924546001988;Longaniza pascua;Carnicas Embuena;e;4;E250|E252;Nitrito sódico|Nitrato potásico;alto|alto;Carne y tocino de Cerdo, Sal, LECHE en polvo, dextrosa, azúcar, dextrina, especias, antioxidantes: E325, E300, conservantes: E250, E252 y colorante: E-120.
2927947001847;Cabeza de cerdo especial;Frial;unknown;4;E252;Nitrato potásico;alto;carne de cabeza de cerdo, sal, especias naturales, E450, E451,E452, azucar, dextrosa, E252, E262, E331, E301, E120
2928971003449;Chorizo oreado atado picante bandeja;;unknown;4;E252|E250;Nitrato potásico|Nitrito sódico;alto|alto;Magro y panceta de cerdo, sal, especias: pimenton, ajo, pimienta, Dextrina, azucar, Conservadores: E2621, E252(0,25%), E250, Emulgentes: (P205 1,39%), E450iii, E452ii, E450i, E4521, Dextrosa, Antioxidantes: E316 (0,50%), E331iii, E325, Potenciador del sabor: E621 (0,80%), Aroma natural, Colorantes: 
2928971007836;Chorizo oreado atado vacío bolsa;jose titos;unknown;4;E252|E250;Nitrato potásico|Nitrito sódico;alto|alto;Magro y panceta de cerdo, sal común, Especias: Pimentón. Ajo, pimienta, Dextrina, azúcar, Conservadores: E262i, E252(0,25%), E250, Emulgentes: (P205 1,39%) E450iii, E452ii, E450i, E452i, Cextrosa. Antioxidantes: E316 (0.50%, E331i. E325, Potenciador del sabor: E621 (0,80%), Aroma natural, Colorantes
2945252003790;Jamon cocido extra Bonnatur V.A;Argal;unknown;3;E250;Nitrito sódico;alto;jamon de cerdo 90%, agua sal dextrosa aromas, antioxidantas: E316 y E331 y conservador E250
2948473007141;Queso Flor de Escueva;;unknown;3;E252;Nitrato potásico;alto;Ingredientes Leche cruda de oveja (96.86%). fermentos Lácticos (0.04%), sal (7.4%), cuajo (0.2%) y cloruro cálcico (0.3%). Conservador: en trato potásico (E252) (0.2%).
2948473007707;Flor de esgueva viejo;;d;3;E252;Nitrato potásico;alto;Leche cruda de ove ja (96.86%). fermentos Lácticos,  sal (2,4%), cuajo (0.2%) y cloruro cálcico (0.3%). Conservador: nitrato potásico (E252)
2950260004745;Masdam Gallo 45%;Carrefour;unknown;3;E251;Nitrato sódico;alto;leche de vaca pasteurizada,sal, fermentos lacticos, E251
2950271025531;Jamon currado desh 1/2 piezas;Villar;unknown;3;E252|E250;Nitrato potásico|Nitrito sódico;alto|alto;Jamon de cerdo, sal, azucar, E252, E250, E301
2957589003503;Bombas rellenas;carrefour;unknown;4;E171;Dióxido de titanio;alto;Masa: harina de trigo, agua. grasa de palma, azúcar, aceite girasol, levadura, dextrosa, almidón de trigo. gasificantes: E450, E500, sal, albúmina de huevo en polvo, estabilizantes: E412, E415, E466, emulgentes: E471, E481, E472e, suero de la leche en polvo, colorante E160a, lache desnatada en polvo
2969192001005;Salami extra;Tello;unknown;4;E250|E252;Nitrito sódico|Nitrato potásico;alto|alto;Carne y tocino de cerdo, sal, proteina de soja, lactosa, dextrosa, E451, E450, E316 E392, aromas, aroma de humo, E250, E252,E120
2969684000004;;;unknown;4;E250;Nitrito sódico;alto;Jamón de cerdo, agua, sal, dextrosa, estabilizantes: e451 y e407, azúcar, aromas, especias, antioxidante e3016, potenciador del sabor e621 y conservador e250.
2969897002000;Panceta curada con pimienta sin piel;Solariego;e;4;E252|E250;Nitrato potásico|Nitrito sódico;alto|alto;Panceta de cerdo (100 g pancet curada provienen de 145g de carne), sal, especias, dextrosa, E252 E250
2969980005734;Queso viejo 48% de M.G.;Old Amsterdam;unknown;4;E251;Nitrato sódico;alto;Leche pasteurizada de vaca, sal, fermentos lácticos (leche), cuajo, conservador E251 y colorante (carotenos). Naturalmente sin lactosa.
2973423005083;Huevas de merluza;Garre;e;4;E124|E110;Ponceau 4R|Amarillo Ocaso FCF;alto|alto;Huevas de merluza, E124 E110 y sal marina
2983565002505;Pan Montañés;Avia;d;4;E250;Nitrito sódico;alto;Carne, nigado (25%) y grasa de cerdo, HUEVO deshidratado, sal, proteina de cerdo, extractos de especias cebolla frita deshidratada (cebolla, aceite vegetal de maiz almidón de maíz sal) pimienta, almidón, ajo, antioxydante (E301), estabilizante (E407), conservador (E250).
3033610039150;Bloc de Foie Gras d'Oie avec Morceaux a la Truffe;Labeyrie;e;4;E250;Nitrito sódico;alto;Foie gras van gans, stukken van foie gras van gans (30%), water, zout, Sauternes, stukjes fruffel uber indicum) (2%), kruiden, suiker, truffelaroma (0,03%), antioxidant: E301, bewaarmiddel: E250.
3067162205305;Foie gras de pato entero mi-cuit;Delpeyrat;e;3;E250;Nitrito sódico;alto;Higado graso de pato (96%), vino de Oporto, sal, Armagnac, pimienta, azúcar, conservador (E250).
3113010130388;Foie Fin d ' Oie su Porto;Jean Larnaudie;e;4;E250;Nitrito sódico;alto;Grasa de oca magro, foie magro de oca, agua, Oporto (1,2%), sal, proteínas de leche, azúcar, pimienta, colorante (E120), antioxidante: ácido ascórbico (E300), conservante: nitrito de sodio (E250).
3113010146853;Foie fin de canard;Larnaudie;e;4;E250;Nitrito sódico;alto;Grasa de pato magro, higado magro de pato, agua, Armagnac (1,2%), sal, proteinas de leche, azucar, pimienta, colorante (E120), antioxidante: ácido ascórbico (E300), conservante: nitrito de sodio (E250).
3228024070022;4 quesos para fundir y gratinar;Président;d;4;E252;Nitrato potásico;alto;Emmental francés queso de pasta prensada cocida (leche) (25%), Mozzarella francesa de leche pasteurizada (25%), Gouda - queso de pasta prensada no cocida (leche pasteurizada, sal, fermentos lácticos, colorante E160b, conservador E252) (25%), queso de pasta prensada (leche pasteurizada, sal, fermento
3242272347552;Dolce Pizza - Regina;Sodebo;c;4;E250;Nitrito sódico;alto;Garniture 61% : sauce tomate 32% (purée de tomate, eau, farine de blé, sel), mozzarella 26%, chiffonnade de jambon cuit standard 21% (jambon de porc, eau, sel, dextrose, sirop de glucose, stabilisant: E451, arômes naturels, gélifiant: E407, lactose, bouillon de porc, conservateurs: E316, E250, ferme
3242274003050;Salade & Compagnie - Roma;Sodebo;c;4;E250;Nitrito sódico;alto;‘=&gt, Conchiglie et fusilli cuits 53% (eau, semoule de blé dur, œuf, sel, épices, piment doux), salade verte 14%, tomates cerises 8%, mozzarella 7% (lait, sel, presure, ferment), jambon Speck 6% (viande de porc, sel, épices, plantes aromatiques, antioxydant : E301, conservateur : E250), fèves de so
3254550038052;Mimolette Demie Vieille Au Lait Pasteurisé, 27%MG;Isigny Ste-Mere;e;4;E251;Nitrato sódico;alto;Lait de vache pasteurisé, sel, ferments lactiques, présure, colorant: rocou, conservateur: E251. Origine du Lait: France.
3263480000107;Terrine de canard aux magrets fumes;Conserverie Quatrefages;e;3;E250;Nitrito sódico;alto;gras de porc, viande de canard 19%, foie de porc, mélange de viande de canard fumé 6%, see, poivre, antioxydant E301, conservateur E250, ferments lactiques, foie de volaille, lait entier, eau, oeufs entier, vin blanc, quatre épices
3560070208883;Cocktail de fruits, au sirop léger;Carrefour;a;4;E127;Eritrosina;alto;Pêches en cubes, poires en cubes, segments d'ananas, raisins, bigarreaux dénoyautés colorés (colorant : E127), eau, sirop de glucose-fructose de blé et/ou de maïs, sucre, acidifiant : acide citrique.
4000145769004;6 Mini Burger Snack to go!;Dieten Hein;d;4;E250;Nitrito sódico;alto;180g (60%) jauhelihapihvi: porsaanliha 83%, sipuli, PANEROINTIJAUHO (VEHNÄJAUHO, suola, hiiva), EMMENTALJUUSTO 4%, salamipalat 3% (porsaanliha (100g:aan salamia on käytetty 110g lihaa), silava, jodioitu nitriittisuola (suola, kaliumjodaatti, säilöntäaine: E250), mausteet, dekstroosi, hapettumisenest
4002302114825;salchichas;;unknown;4;E250;Nitrito sódico;alto;GEL est , aken LITÄT Aus Lust am gemuss, 381482 RIESENBOCKWURST EN CONGELACIÓN INGREDIENTES: CARNE DE CERDO (70%), TOCINO, CARNE DE VACA (5%), AGUA POTABLE, SAL DE COCINA, ESPECIAS, DEXTROSA, SIROPE DE GLUCOSA, CONSOME, EXTRACTOS DE ESPECIA, ESTABILIZANTES: E262, E331, E450, ANTIOXIDANTE: E301, AROM
4005696550507;6 bunte gekochte eier;Columbus Frischei;a;4;E127;Eritrosina;alto;Hühnereier gekocht, Überzugsmittel: Schellack, Carnaubawachs, Farbstoffe: E127, E131, E160b(ii).
4009900483483;Orbit Eucaliptus;Wrigley's;not-applicable;4;E171;Dióxido de titanio;alto;isomalt, sorbitol, manitol, aspartam, acetylsulfam k, soy lecithin, gum arabic, glycerine, aromas, e171, e133, e160a
4009900484398;Orbit fresa;Wrigley's;not-applicable;4;E171;Dióxido de titanio;alto;sweeteners xiltol, sorbitol, mannitol, aspartame, acesulfame k, base gum, thickener arabic gum, glycerin moisturizing aromas, acidulant citric acid, soy lecithin emulgent, acidulant es mars mul acido mallico, coloring e171, carnalra wax coating agent, bha antioxidant,
4018342195014;;;unknown;4;E250;Nitrito sódico;alto;Carne de pollo, grasa de palma, carne de pavo, sal de nitrito yodado (sal, conservante: E250, yodato de potasio), dextrosa, azúcar, especias, caldo granulado, antioxidante E301, E300, colorante: E120, fermentos, humo de madera de haya. 100g de salami de aves contienen 78g de carne de pollo, 21g gras
4068263009303;;;unknown;;E320;BHA (Butilhidroxianisol);alto;SIN SWEA 3.09 ES QUESO FUNDIDO RALLADO. 35 % M.G. / E.S. INGREDIENTES: Queso qua, mantequilla, proteína de la leche, almidones modificados, sales de fundido (E33.1 E320) almidon, sal, suero de leche en polvo, regulador de acidez (E330). Origen de leche, UE. Envasado en atmósfera protectora. CONDICIO
4081500653909;Bockwurst salchichas alemanas;Auchan;e;4;E250;Nitrito sódico;alto;Carne de cerdo (89%), agua, sal yodada, especias (mostaza en polvo, cebolla, ajo, apio), extracto de especias (pimienta negra, pimentón, nuez moscada, jengibre, cebolla dextrosa de maíz, estabilizante (E450), antioxidante (E300), conservador (E250) aroma de humo.
42112921;Menta fuerte;Orbit;not-applicable;4;E171;Dióxido de titanio;alto;EDULCORANTES SORBITOL, ISOMALT, JARABE DE MALTITOL, ASPARTAMO, ACESULFAMO K, GOMA BASE, AGENTE DE RECUBRIMIENTO CARBONATO DE CALCIO, AROMAS, ESPESANTE GOMA ARÁBIGA, EMULGENTE: LECITINA DE _SOJA_, COLORANTE E171, AGENTE DE RECUBRIMIENTO: CERA DE CARNAUBA, ANTIOXIDANTE BHA, COLORANTES E133, E141, E160
42306733;Orbit Ice -  Menta polar;Orbit;not-applicable;4;E171;Dióxido de titanio;alto;EDULCORANTES XILITOL, SORBITOL, ASPARTAMO, MANITOL, ACESULFAMO K, GOMA BASE, ESPESANTE GOMA ARÁBIGA, HUMECTANTE GLICERINA, AROMAS, AGENTE DE CARGA FOSFATOS DE CALCIO, EMULGENTE LECITINA DE SOJA, COLORANTE E171, AGENTE DE RECUBRIMIENTO CERA DE CARNAUBA, ANTIOXIDANTE BHA, COLORANTE E133. CONTIENE UNA 
4313712065912;;;unknown;4;E250;Nitrito sódico;alto;Rindfleisch (95%), Rindergelatine, jodiertes Nitritpökelsalz (Speisesalz, Kalium - jodat, Konservierungsstoff: E250), Gewürze (enthält Sellerie), Würze, Dextrose, Glukosesirup, Zucker, Aromen, Antioxidationsmittel: E301, Stabilisator: E450. Kann Spuren von Senf enthalten! Deutsches Corned Beef
4712928341122;Fruit Mochi;;d;4;E129|E102|E110;Rojo Allura AC|Tartrazina|Amarillo Ocaso FCF;alto|alto|alto;Strawberry flavour: Maltose, sugar, glutinous rice powder, water, wax gourd, hydrogenated palm oil, glucose, arawberry juice LIN flavouring, gelatin, preservative: (E202 colour: E129), Orange flavour: Maltose, sugar, putnous rice powder, water, wax gourd, hydrogenated palm oil, glucose, orange juice
4714221131219;Japanese Style Taro Mochi;BAMBOO HOUSE;d;4;E129;Rojo Allura AC;alto;Maltose 47%, Taropaste 35% (Maltose, Bohnenpaste, Taro, Zucker, Palmöl), Klebreispulver 6%, Hirse 3%, Zucker 5%, Palmöl 1%, Farbstoff 1% (E133, E129), Verdickungsmittel (E1442) 1%, Süßungsmittel (E420) 0,8%, Gewürze 0,195%, Konservierungsmittel (E200) 0,005%.
4770609164408;Orejas De Cerdo Ahumadas En Caliente &quot,düzges&quot,;Krekenavos;unknown;;E250;Nitrito sódico;alto;orejas de cerdo, sal, especias, conservante E250
4895251001045;;;unknown;4;E171|E110|E102;Dióxido de titanio|Amarillo Ocaso FCF|Tartrazina;alto|alto|alto;樱木良品啵皮糖 芒果味 Caramelo blando con azúcares y edulcorante, Ingredientes: jarabe de maltosa, azúcar, trehalosa, sal, mermelada de mango (5%), jugo de manzana concentrado (4%), edulcorante (E420i), gelatina, espesantes en proporción variable (E407, E440, E406), acidulantes (E330, E331iii, E296), aromas, 
4897054831898;kiss delicias;;unknown;4;E102;Tartrazina;alto;sweeteners (E420, ,E951),acidulants (E296,E330),aromas of jasmine and green grape 0.1% ,colorings (E102,E133).
5000159500920;;M&M's;unknown;4;E171;Dióxido de titanio;alto;914g 1hagp og 03/11/19 10:53 milk chocolate (62%) with a rice centre (17%) in a sugar shell. ingredients. sugar, cocoa mass, rice flour skimmed milk powder, cocoa butter, palm kernel fat, lactose, pa at, miik fat, shea fat, salt, barley nalt 38.5g (%&quot,) extract, colours (e100, carmine, e133, e16
5000159516235;;M&M's;e;4;E171;Dióxido de titanio;alto;Cukier, tłuszcz kakaowy, odtłuszczone mleko w proszku, miazga kakaowa, orzeszki ziemne, tłuszcz mleczny, laktoza, serwatka w proszku (z mleka), pełne mleko w proszku, emulgator (lecytyna sojowa), tłuszcz palmowy, masło shea, syrop glukozowy, barwniki (E100, E133, E160a, E162, E171, E172), skrobia, d
5010677554398;Breezer Watermelon;BACARDI;unknown;4;E129|E123;Rojo Allura AC|Amaranto;alto|alto;Carbonated water, Neutral spirit, Sugar, Flavourings, Acid: Citric acid (E330), Acidity regulator: Sodium citrate (E331), Preservatives: Potassium Sorbate (E202), Sodium Benzoate (E211), Stabilizers: Gum Arabic (E414), Glycerol Ester of Wood Resin (E445), Sucrose Acetate Isobutyrate (E444), Colours:
5011061160102;Magic Pop Mammouth;Zed Candy;e;4;E171|E321;Dióxido de titanio|BHT (Butilhidroxitolueno);alto|alto;Dextrosa, azúcar, goma base, jarabe de glucosa, aromas, acido: acido citrico, agente humectante: glicenina, almidón modficado, colorantes: E133, E141, E160a, E171, negro cenoria concentrado, producto para dar brillo: cera de camauba. goma laca, antioxidante: E321.
5050083171840;Frutos Rojos;Kellogg's, Special K;d;4;E320;BHA (Butilhidroxianisol);alto;Cereales integrales (trigo integral {32%}, avena {5%}), cereales crujientes (10%)(harina de trigo integral, harina de arroz, azúcar, harina de malta de cebada, harina de malta de trigo, sal, aceite de colza, estabilizante {carbonato de calcio}, emulgente {lecitina de soja}), azúcar, jarabe de glucos
5050083172007;Chocolate Negro;Kellogg's, Special K;d;4;E320;BHA (Butilhidroxianisol);alto;Cereales integrales (trigo integral {32%}, chocolate (13%) (azücar, pasta de cacao, manteca de cacao, emulgentes{lecitina de soja, E476}, aroma), cereales crujientes (11%), harina de trigo integral, harina de arroz, azücar, harina de malta de cebada, harina de malta de trigo, sal, aceite de colza, e
5050083356902;All-Bran bizcochito fruta y fibra;Kellogg's;d;4;E320;BHA (Butilhidroxianisol);alto;Cereales salvado de trigo (12% harina de trigo (9%), copos de avena integral (9%)), jarabe de glucosa-fructosa, puré de manzana (12%) aceite de girasol, jarabe de glucosa, pasas sultanas (5,5%)(humectante: glicerol), azúcar, fibra de avena, fructosa, jarabe de azúcar parcialmente invertido, dextrosa
5053827161947;Kellogg's Barretta - Mandorle e Cioccolato;Kellogg's;d;4;E320;BHA (Butilhidroxianisol);alto;Fruits à coques (41%){arachides. amandes gnnees végétale non hydrogénée (colza. cartame) en proportions variables, sel]}, chocolat (16%)[sucre, pâte de cacao. beurre de cacao, émulsifiant(lécithine de soja), arôme], sirop de glucose. avoine (6 50' éclat de chocolat de racao, sucre. cacao maigre en p
5055371525442;Peace Lolly Lemon Haze flovour;;unknown;4;E129|E171|E110|E102;Rojo Allura AC|Dióxido de titanio|Amarillo Ocaso FCF|Tartrazina;alto|alto|alto|alto;Azúcar, sirope de glucosa, agua, gelatina de ternera, almidón de maiz, reguladores de la acidez (ácido citrico, ácido láctico, citrato de sodio), Aromatizantes, colores (E129, E171, E110, E102).
5056784900826;Ultra Strawberry Dreams;Monster;c;4;E129|E110;Rojo Allura AC|Amarillo Ocaso FCF;alto|alto;AGUA CARBONATADA, POTENCIADOR DEL SABOR (ERITRITOL, ACE ACIDO CITRICO), TAURINA (0,4%), CORRECTOR DE ACIDEZ (CITRATOS DE SOM AROMA NATURAL DE FRESA CON OTROS AROMAS NATURALES, EXTRACTO DE RAZE CAFEINA (0,03%), EDULCORANTES (SUCRALOSA, ACESULFAMO K, L-CARNITINA 1-TARTRATO (0,015%), VITAMINAS (NIACINA
5056784902882;Rio Punch;Monster Energy;d;4;E129;Rojo Allura AC;alto;Agua carbonada, sacrosa, zumo de frutas a partir de concentrado (2%) (manzana,uva blanca, papaya, mango), jarabe de glucosa, taurina (0,4%), ácidos (ácido cítrico, málico ácido), aromas, regulador de acidez (citratos de sodio), raíz de ginseng panax extracto (0,08%), cafeína (0,03%), conservante (so
5056784910788;Monster Ultra fantasy Ruby red;Monster Energy;b;4;E129|E110;Rojo Allura AC|Amarillo Ocaso FCF;alto|alto;Agua Carbonatada, Acidulante (Ácido Cítrico), Potenciador del Sabor (Eritritol), Taurina (0,4%), Corrector de Acidez (Citratos de Sodio), Aromas, Extracto de Raíz de Panax Ginseng (0,08%), Conservadores (Sorbato Potásico, Benzoato Sódico), Cafeína (0,03%), Edulcorante (Sucralosa), L-Carnitina L-Tart
5060401970840;MELON;London Juice Company;c;4;E104;Amarillo de quinoleína;alto;Eau,Jus de Melon, Graines de Basilic, Sucre,Acide Citrique ,Agent epaississant:Gomme de Gelane,Gomme de Xanthane, Arome de Melon, Colorants artificiels: E133, E104, Sorbate de Potassium E 202.
5060517882976;Pipeline Punch;Monster Energy;e;4;E129;Rojo Allura AC;alto;carbonated water, fruit juices from concentrate (6%) (orange, apple, guava, pineapple, passion fruit), sucrose, glucose syrup, taurine (0.4%), acid (citric acid), maltodextrin, flavourings, acidity regulator (sodium citrates), preservatives (potassium sorbate, sodium benzoate), caffeine (0.03%), veg
5060639127375;Monster Energy Ultra Paradise;Monster;c;4;E102;Tartrazina;alto;Agua carbonatada, acidulante (ácido cítrico), taurina (0,4%), corrector de acidez (citratos de sodio), extracto de raíz de panax ginseng (0,08%), aromas, conservadores (sorbato potásico, benzoato sódico), edulcorantes (acesulfamo k, sucralosa), maltodextrina, cafeína (0,03%), vitaminas (B3, B5, B6, 
5060639129287;ULTRA PARADISE;;b;4;E102;Tartrazina;alto;WASSER, SAUERUNGSMITTEL (CITRONENSÄURE), KOHLENSÄURE, TAURIN (0,4%), SAUREREGULATOR (NATRIUMCITRATE), AROMEN, PANAX GINSENGWURZELEX - TRAKT (0,08%), KONSERVIERUNGSSTOFFE (KALIUMSORBAT NATRIUMBENZOAT), SÜSSUNGSMITTEL (ACESULFAM K SUCRALOSE), MALTODEXTRIN, KOFFEIN (0,03%), VITAMINE (NIACIN, PANTOTHENS
5060896623863;Monster Energy Ultra Gold;Monster Energy;b;4;E102|E129;Tartrazina|Rojo Allura AC;alto|alto;woda, dwutlenek węgla, erytrytol, kwas cytrynowy, tauryna (0.4%), aromaty, cytryniany sodu, wyciąg z korzenia żeńszenia (0.08%), sorbinian potasu, benzoesan sodu, kofeina (0.03%), sukraloza, acesulfam K, l-winian l-karnityny (0.015%), niacyna, kwas pantotenowy, witamina B6, witamina B12, chlorek sod
5060896625669;MONSTER Energy Zero sugar full throttle;Monster;d;4;E102|E129;Tartrazina|Rojo Allura AC;alto|alto;Agua carbonatada, acidulante (ácido cítrico), taurina (0.4%), corrector de acidez (citratos de sodio), maltodextrina, aromas, conservadores (sorbato potásico, benzoato sódico), edulcorantes (sucralosa, acesulfamo K), cafeína (0.03%), aceites vegetales (coco, semillas de colza), almidón modificado, v
5060896627014;White pineapple;Monster Energy;e;4;E129;Rojo Allura AC;alto;Agua carbonatada, sacarosa, jarabe de glucosa, adicurante (ácido cítrico), taurina (0.4%), corrector de la acidez (contratos de sodio), aromas, extracto de raíz de panax de ginseng (0,08%), conservantes (sorbato potásico, benzoato sódico), l-carnitina, l-tartato (0,04%), cafeína, edulcorantes (sucra
5397335274684;Chicle Tutti Frutti;Chewing GUM;not-applicable;4;E321;BHT (Butilhidroxitolueno);alto;Edulcorantes (E420, E965, E967, E421, E951, E950, E955), goma base, aroma, estabilizador (E414), acidulante (E330), emulgente (lecitina de soja E322), agente de recubrimiento (E903), antioxidante (E321)
5400141354287;Hamblokjes -dés de jambon;Everyday;d;4;E250;Nitrito sódico;alto;NL GEKOOKTE HAM IN BLOKJES - 82,5 % varkensvlees, water, zout, aroma, rookaroma, glucosestroop, varkens - eiwitten, rozemarijnextract, dextrose, gehydrolyseerde plantaardige eiwitten, kruiden en specerijen, zonne - bloemolie, geleermiddelen (E407a, E407, E508), zuurteregelaar (E500), antioxidanten (
5411123600261;;Chatar;e;4;E250;Nitrito sódico;alto;Chicken mechanically removed meat, WHEAT flour, potato stárch, salt, Soy starch, stabilizer. E450, E451, herbs and spices, flavour, glucose, E301, E331, preservative: E325, E262, E250, coloring agent
5411123905458;CHATAR;Le Regal;e;4;E250;Nitrito sódico;alto;Chicken mechanically separated meat, pork fat, water, WHEAT flour, potato starch, SOY protein, salt, herbs and spices, flavour, glucose syrup, E450, E451, E621, E301, E331, E325, E262, E250, plant extracts, coloring agent E150c
5411431866007;Blanc de Poulet Marrakchia;EL BENNA;d;4;E250;Nitrito sódico;alto;Viande de poulet 46%, viande de dinde 25%, eau, olives, sel 2,3%, sirop de glucose, correcteur d'acidité E325, protéine végétale hydrolysée (soja), huile végétale (tournesol), persil, zeste de citron, stabilisants E407, E451, dextrose, protéine de lait, arôme (blé, orge, œufs, soja, céleri), sucre, 
5449000000088;Fanta lemon 1l pet;The Coca Cola Company;d;4;E104;Amarillo de quinoleína;alto;eau gazeuse ,sucre , acidifiants: E330, E331, E300. conservateur:  E202. E414 . E 950. E955 . colorant : E104
5449000005991;FANTA can 25 cl;Fanta;e;4;E104;Amarillo de quinoleína;alto;ماء غازي، سکر، عصير الليمون، محمضات : E330 300، مادة حافظة: E202 ، مستحلب: E414، محليات: E950 E955 ، نكهات الليمون الطبيعية ملون: E104. معبا من طرف (لا) أنظر الرب أسفل العلبة و عنوان الشركة المعبئة المطابق له الموضح سله، بموجب ترخيص من شرك کوکاکولا صاحبة العلامة التابة المسجلة فانتا 2018 © مدة العرض
5449000120991;Fanta limón zero azúcares;Fanta,Coca-Cola;c;4;E952;Ciclamato;alto;Agua carbonatada, zumo de limón a partir de concentrado 1%, correctores de acidez (E330, E331), edulcorantes (E950, E952, aspartamo), antioxidante (ácido ascórbico), conservador (E202), estabilizantes (E414, E445), aromas naturales de limón, aromas naturales, colorante (betacaroteno).
5449000258243;Coca-Cola plus Coffee;Coca-Cola;c;4;E952;Ciclamato;alto;Drinking water, carbon dioxide, coffee extract 0.2%, colorant: sugar color IV (E150d), acid: phosphoric acid (E338), sweeteners: sodium cyclamate (E952), acesulfame potassium (E950) and aspartame (E951), preservatives: potassium sorbate (E202) and sodium benzoate (E211), natural flavorings, caffeine
5601002105769;Pizza Carbonara cozida na pedra;Auchan;c;4;E250|E252;Nitrito sódico|Nitrato potásico;alto|alto;Guarnição (56%): Polme de tomate (32,4%), queijo mozzarella (leite) (17,9%), fiambre da perna (12,8%) (carne de suíno, sal, dextrose, açúcar, antioxidantes (E301 e extratos de rosmaninho), conservante (E250) e fumo), cogumelos (10,3%), cebolas grelhadas marinadas (7,7%) (cebolas grelhadas, óleo de g
5601055317225;Pintarolas;Imperial;e;4;E171;Dióxido de titanio;alto;milk  chocolate (67%) (sugar, cocoa butter, cocoa mass,  milk  powder,  whey  powder, concentrated  butter ,  almonds  and  hazelnuts  paste, emulsifier ( soya  lecithin)), sugar, corn starch, colours (e171, e162, e150c, e160a, e163, e100), glazing agents (e414, e903), flavouring,
5604160002222;Pain au lait;Padaria S. Tomé,S. Tomé;c;4;E102|E122;Tartrazina|Azorrubina, Carmoisina;alto|alto;PADARIA S.tome Indústria de Panificação PÄES DE LEITE ING: FARINHA TIPO 55, açúcar, OVO, sal, farinha brioche (leite), água, gordura vegetal, propionato cálcio (anti-bolor), melhorante, fermento, corante E102 e E122. Contém: GLÚTEN, OVO, LEITE, SOJA.
56092646;Trident - Spearmint flavour;Trident;not-applicable;4;E321;BHT (Butilhidroxitolueno);alto;Γλυκαντικά (σορβιτόλη, μαλτιτόλη, ξυλιτόλη, ασπαρτάμη, ακεσουλφάμη-Κ), κόμμι βάση, υγροσκοπικό μέσο (γλυκερίνη), αρώματα, γαλακτωματοποιητής (λεκιθίνη ηλιοτροπίου), αντιοξειδωτικό (E321), χρωστική (E141), Περιέχει πηγή φαινυλαλανίνης
5756111410058;Carpaccio;Skare;e;4;E250;Nitrito sódico;alto;Carne de vaca 97%, agua , sal, dextrosa, corrector de la acidez (E262, E325), antioxidante (E301), conservante (E250)
5900951141638;chocolate;m&m's;e;4;E171;Dióxido de titanio;alto;Zucker, Kakaomasse, _Vollmilchpulver_, _Milchzucker_, Kakaobutter, Stärke, Palmfett, Glukosesirup, Sheafett, Stabilisator (Gummi Arabicum), Emulgator (_Sojalecithin_, Sonnenblumenlecithin), Farbstoffe (E100, E133, E160a, E160e, E162, E171, E172), Dextrin, Überzugsmittel (Carnaubawachs), Palmkernöl, 
5908238606382;Cotton Candy;Yummys;e;4;E122|E102;Azorrubina, Carmoisina|Tartrazina;alto|alto;sugar, flavourings: banana, blueberry, strawberry, colours: e122, e102, e133, this product can have a harmful influence on the activity and behaviour of children, i
5941417006610;Vopsea ouo;Alex;unknown;4;E122|E102|E110;Azorrubina, Carmoisina|Tartrazina|Amarillo Ocaso FCF;alto|alto|alto;Apă, coloranți azorubină E122, tartrazină E102, albastru briliant FCF E133, galben portocaliu S E110 şi brun HT E155, agent de glazurare glicerol E422, acidifianţi acid citric E330 și acid lactic E270, conservanți benzoat de sodiu E211 și sorbat de potasiu E202, sirop de glucoză, stabilizator gumă d
6111242104723;Jayda;Jayda;unknown;4;E250;Nitrito sódico;alto;Viande de bœuf, gras de bœuf, viande de dinde séparée mécaniquement, amidon, sel nitrité, sucre, extrait de épice, arômes, stabilisants (E450, E451), exhausteur de goût (glutamate de sodium E621), antioxydant (acide ascorbique E300), nitrite de sodium (E250), colorant alimentaire (E120)
6926858900320;甘草味西瓜子;DHD;unknown;4;E952;Ciclamato;alto;PIPAS DE SANDIA, SAL, REGALIZ, ESPECIAS, ACEITE VEGETAL, ADITIVOS: POTENCIADOR (E621), EDULCORANTE(E952,E950,E954): ANTIOXIDANTE (E319) AROMAS
6948229369611;pâte de fruit d''aubépine;劲达;c;;E952;Ciclamato;alto;Ref: 011331 Aperitivo con espino劲达果丹皮 edulcorante E952, conservante E211, E223(SULFITO). Ingrediente espino(Crataegus monogyna),azúcar,glucosa,agua, Peso neto: 150g
6954537300062;SpongeBob Coated Stick Blueberry Flavour;Junyi;c;4;E127;Eritrosina;alto;Harina de trigo (gluten), chocolate blanco (azúcar, aceite de palma, coco y fresa en polvo, acidulante (E330), lecitina de soja, aroma natural, colorante (E127, E133)), azúcar, aceite de palma, maltosa, sal, antiaglomerante (E500ii, E503ii), aroma natural, colorante (E160aii), conservador (E223). Co
7290000531922;Chiffonnade Poitrine Dinde Grillée;Soglowek;c;4;E250;Nitrito sódico;alto;Poitrine de dinde (60%), poitrine de poulet, eau, sel, maltodextrine, fécule de pomme de terre, Amidon modifié: E1442, conservateurs: E326, E262, E250, Épaississants: E407a, E410, épices, Stabilisant: E451i, Antioxygène: E316.
7300200287007;Rökt Skinka;Scan;unknown;4;E250;Nitrito sódico;alto;Svensk skinka(skinkbitar 95%) salt, druvsocker, glukossirap, antioxidantionsmedel E301, stabiliseringsmedel E451, rökarom, Konserveringsmedel E250,
7300206787006;Svensk Falukorv;Scan;unknown;4;E250;Nitrito sódico;alto;Svenskt gris - och nötkött 58 %, vatten, fett från gris, potatismjöl, salt, lök, kryddor, kryddextrakter (cayenne, muskot), antioxidationsmedel E300, konserveringsmedel E250, rökarom.
7300207071005;Klassisk Grillkorv;Scan;e;4;E250;Nitrito sódico;alto;swedish pork and beef meat (57%), water, potato flour, fat pork, salt, connective tissue, pork, onions, and spices, kryddextrakt, antioxidant e326:e300, up eringsmedel e261:e250, kollagentarm, liquid smoke,
7300207203000;Grillkorv Klassisk (Mellantjock);Scan;unknown;4;E250;Nitrito sódico;alto;Svenskt gris-och nötkött (57%), vatten, potatismjöl, fett från gris, salt, bindväv från gris, lök, kryddor, kryddextrakt, antioxidationsmedel E326:E300, konserv - eringsmedel E261:E250, kollagentarm, rökarom,
7350103820030;Falukorv;Carlströms;unknown;4;E250;Nitrito sódico;alto;Gris - och nötkött (63 %), vatten, potatism jöl, fett från gris, koksalt, strösocker, Lökpulver, vitpeppar, stabiliseringsmedel (E451), koriander, ingefära, muskot, paprikapulver, antioxidationsmedel (E300), jästextrakt, maltodextrin, Libbsticka, konserveringsmedel (E250), Falukorv 41 % gris, 22 % n
7622210092410;trident chicles;trident;not-applicable;4;E171|E321;Dióxido de titanio|BHT (Butilhidroxitolueno);alto|alto;Edulcorantes (sorbitol, maltitoles, aspartamo, acesulfamo K, sucralosa), goma base, aromas, humectante (E422), agente de carga (E170), emulgente (lecitina de girasol), colorantes (E171, E133), antioxidante (E321). Un consumo excesivo puede producir efectos laxantes. Contiene una fuente de fenilalani
7622210240088;;Trident;not-applicable;4;E171|E321;Dióxido de titanio|BHT (Butilhidroxitolueno);alto|alto;O Chide sin azúcar con edulcorantes, Sabor a Hierbabuena, Ingredientes: edulcorantes (sorbitol, isomaltosa, maltitol, jarabe de maltitol, aspartamo, sucralosa, acesulfamo K), goma base, agente de carga (E170), aromas, espesante (E414), humectante (E422), colorantes (E171, E161b, E141, E133), emulgen
7622210821492;Chicles 60 min. Pepermint flavour;Trident;not-applicable;4;E171;Dióxido de titanio;alto;Edulcorantes (xilitol, isomaltosa, sorbitol, jarabe de maltitol, acesulfamo K, sucralosa), goma base, aromas, estabilizante (E414), emulgente (lecitina de girasol), colorantes (E171, E133)
7622300771737;Stimorol Bottle Wild Cherry 70 Stuks;Stimorol;not-applicable;4;E171|E321;Dióxido de titanio|BHT (Butilhidroxitolueno);alto|alto;sweeteners (sorbitol, isomalt, xylitol, maltitol syrup, aspartame, acesulfame-k, sucralose), gum base, flavourings, thickener (e414), acidifiers (e330, e296), humectants (e422, e1518), emulsifier (sunflower lecithin),colours (e163, e171, e133), glazing agent (e903), antioxidant (e321), contains a so
7622300795412;60 minutes of freshiness spearmint;Trident;not-applicable;4;E171;Dióxido de titanio;alto;sweeteners (xylitol, isomaltosa, sorbitol, maltitol syrup, acesulfame k, sucralose), base gum, flavors, stabilizer (e414), emulgent (sunflower lecithin), dyes (e171, e100, e133)
7702011147813;Surtido;Bon Bon Bum, Colombina;unknown;4;E129|E102|E171;Rojo Allura AC|Tartrazina|Dióxido de titanio;alto|alto|alto;Caramelo duro con palo sabor fresa con relleno de chicle 25% [azúcar, jarabe de glucosa, goma base, agua, acidulante (ácido cítrico E330), azúcar invertido, acidulante (lactato de sodio E325), aromas (fresa, frutas), humectante (sorbitol E420), emulgente (lecitina de soja E322), colorantes (rojo all
7702993048108;Gomitas Trululu Casquitos x 80Gr;Trululu;unknown;4;E110;Amarillo Ocaso FCF;alto;GOMITAS SABOR FRUTAL, Ingredientes: Azúcar, jarabe de Glucosa, Aqua, Gelatine, Sorbitol (Humectante) (E420), Acido Chico (Aridulante) (30) Almidon Modificado, Acido Malico (Acidulante) (296), Saborizante Artificial a Mandarina, Acido Fumarico (Acidulante) (E297) Ac do Ascorbico Vitamins C) (Acidulan
7752230013413;Gelatina Universal;Universal;unknown;4;E129;Rojo Allura AC;alto;Sugar, gelatin, acidity regulator (fumaric acid) E297, acidity regulator (sodium citrate) E331(iii), artificial strawberry flavor, artificial color (allura red AC) E129.  &quot,E129: May have adverse effect on activity and attention in children&quot,.
7771214001314;Ketchup Original;Kris, Venado;unknown;4;E124;Ponceau 4R;alto;Agua, pasta de tomates, azúcar, sal, vinagre, aceite vegetal, conservante (E202), especias, colorante (E124).
7771214004469;Chicha Morada;Real, Venado;unknown;4;E123;Amaranto;alto;Azúcar, acidulante (E297), edulcorantes artificiales (E952ii, E954ii), almidón de maíz, aromatizante sabor a chicha morada, antiaglomerante (E551), colorantes (E123, tartrazina, E133).
7790040331204;Tatín Alfajor Negro con Dulce de Leche;Arcor, Tatín;e;4;E171;Dióxido de titanio;alto;DULCE DE LECHE 34% [LECHE ENTERA, AZÚCAR, JARABE DE GLUCOSA, HUMECTANTE (SORBITOL), ESTABILIZANTES (ALGINATO DE SODIO, CARRAGENINA, AGAR), CONSERVADOR (SORBATO DE POTASIO), AROMATIZANTE], HARINA DE TRIGO ENRIQUECIDA (HIERRO 0.0030%, ÁCIDO FÓLICO 0.00022%, TIAMINA 0.00063%, RIBOFLAVINA 0.00013%, NIAC
7790580103521;Cofler Rocklets;Arcor,Cofler,Rocklets;e;4;E171|E129|E102|E110;Dióxido de titanio|Rojo Allura AC|Tartrazina|Amarillo Ocaso FCF;alto|alto|alto|alto;AZÚCAR, MANTECA DE CACAO, LECHE ENTERA EN POLVO, LECHE DESCREMADA EN POLVO, MASA DE CACAO, GRASA ANHIDRA DE LECHE, EMULSIONANTES (LECITINA DE SOJA, POLIGLICEROL DE POLIRRICINOLEATO), ESTABILIZANTE (GOMA ARÁBIGA), GLASEANTE (CERA CARNAUBA), COLORANTES (DIÓXIDO DE TITANIO (E171), ROJO ALLURA (E129), T
7791113000911;Mermelada de frutilla;Emeth;b;4;E129;Rojo Allura AC;alto;Jarabe de maiz de alta fructosa, Pulpa de frutilla, Gelificante (E407), Acidulante (E330), Espesantes (E410, E466), Conservantes (Benzoato de Sodio, Sorbato de Potasio). Aromatizante (Esencia Artificial de Frutilla), Gelificante (E440), Colorantes (E129, E150d).
7802225281003;marshmallows morf;;unknown;4;E102;Tartrazina;alto;AIREADOS SABOR AVAINILLA. INGREDIENTES: CARAMELU AZUCAR: JARABE DE GLUCOSA JARABE DE FRUCTOSA, GELATINA BOVINA DEXSA: ALMIDON DE MAIZ COLORANTES: TARTRAZINA (E102). ROJ SABORIZANTE ARTFICIAL CONTIENE TARTRAZINA EN VANILLA FLAVOURED MARSHMALLOWS. INGREDIENTS: SUGAR, CORN SYRUP
7802225426336;Chubi;Arcor, Chubi;e;4;E171|E129|E102|E110;Dióxido de titanio|Rojo Allura AC|Tartrazina|Amarillo Ocaso FCF;alto|alto|alto|alto;AZÚCAR, MEZCLA DE GRASA VEGETAL (PALMA, SHEA, PALMISTE), CACAO EN POLVO, LECHE DESCREMADA EN POLVO, SUERO DE LECHE, EMULSIONANTE (LECITINA DE SOYA), COLORANTES (DIÓXIDO DE TITANIO (E171), ROJO ALLURA AC (E129), TARTRAZINA (E102), AMARILLO OCASO (E110), INDIGOTINA (E132), AZUL BRILLANTE FCF (E133)), 
7802225427579;Rocklets Maní;Arcor, Rocklets;e;4;E171|E129|E102|E110;Dióxido de titanio|Rojo Allura AC|Tartrazina|Amarillo Ocaso FCF;alto|alto|alto|alto;AZÚCAR, MANÍ TOSTADO, MANTECA DE CACAO, MASA DE CACAO, LECHE ENTERA EN POLVO, LECHE DESCREMADA EN POLVO, ESTABILIZANTE (GOMA ARÁBIGA), COLORANTES (DIÓXIDO DE TITANIO (E171), ROJO ALLURA AC (E129), TARTRAZINA (E102), AMARILLO OCASO (E110), AZUL BRILLANTE FCF (E133), INDIGOTINA (E132)), EMULSIONANTES 
7802225688758;Rocklets Galletas sabor Vainilla;Arcor, Rocklets;e;4;E171|E129|E102|E110;Dióxido de titanio|Rojo Allura AC|Tartrazina|Amarillo Ocaso FCF;alto|alto|alto|alto;HARINA ENRIQUECIDA (HARINA DE TRIGO, HIERRO, NIACINA, TIAMINA, ÁCIDO FÓLICO, RIBOFLAVINA), CHOCOLATE CONFITADO 13% [AZÚCAR, MANTECA DE CACAO, MASA DE CACAO, LECHE ENTERA EN POLVO, LECHE DESCREMADA EN POLVO, COLORANTES (DIÓXIDO DE TITANIO (E171), ROJO ALLURA AC (E129), TARTRAZINA (E102), AZUL BRILLAN
7862113550147;Manzana;Baloru;e;4;E129|E102;Rojo Allura AC|Tartrazina;alto|alto;Agua carbonatada, Azúcar, Acidulante (Acido Cítrico), Conservador (E202), Aroma (manzana), Edulcorante (Sucralosa), Colorantes (E129, E102).
8000040001106;Campari;Campari;not-applicable;4;E122|E102;Azorrubina, Carmoisina|Tartrazina;alto|alto;sucre, alcool, arômes naturels, colorants, E122, E102, E133
8002050009912;Pizza Capricciosa;Trattoria;unknown;4;E250;Nitrito sódico;alto;Harina de trigo, puré de tomate 16%, queso mozzarella 13,5% (leche de vaca, sal, cuajo, fermentos lácticos), jamón cocido 12.2% (carne de cerdo, agua, sal, almidón, aromas, dextrosa, estabilizador: E407, antioxidante: E301, conservador: E250), agua, champiñones cultivados 9%, aceite de girasol, leva
8002325105103;Mostarda;Vergani;d;4;E127;Eritrosina;alto;Ciliegie, sciroppo di glucosio, zucchero, sciroppo di glucosio-fruttosio, aroma senape, Acidificante: E330, Colorante: E127, Conservante: E220 (anidride solforosa).
8003440105603;Gum;;unknown;;E321;BHT (Butilhidroxitolueno);alto;VİVİDENT CON LA SUA FORMULA 100% XILITOLO,* RIDUCE LA PLACCA E AIUTA A PRENDERTI CURA DELLA TUA IGIENE ORALE FUORI CASA. XYLIT *CHEWING GUM SENZA ZUCCHERO DOLCIFICATO CON 100% XILITOLO (UNICO EDULCORANTE NON INTE CON ALTRI EDULCORANTI) RIDUCE LA PLACCA, UNO DEI FATTORI DI RISCHIO DELLA CARIE HET BA 
8003440991206;Chupa Chups - Big Babol -Sugar Free - 16 Big Pieces;Chupa Chups,Perfetti Van Melle;not-applicable;4;E321;BHT (Butilhidroxitolueno);alto;sweeteners (isomalt, sorbitol, maltitol, xylitol, maltitol syrup, aspartame, acesulfame k), gum base, flavourings, acid (citric acid), stabiliser (glycerol), maltodextrin, emulsifier (soya lecithin, sucrose esters of fatty acids), thickener (gum arabic), fruit juice powder 0,2% (orange, lemon), coco
8004147000918;Bresaola della Valtellina IGP;Rigamonti;e;4;E250|E252;Nitrito sódico|Nitrato potásico;alto|alto;Carne bovina, sale, destrosio, aromi naturali, conservanti: E250, E252
8006473902416;Nuggets Speck & Emmental;Amadori;d;4;E250;Nitrito sódico;alto;Filetes de pollo 34.4%, pan rallado (harina de _trigo_, sal, levadura de cerveza, cúrcuma, especias (paprika, cúrcuma)), agua, harina de _trigo_ y de maíz, jamón ahumado 6.8% (carne de cerdo, sal, especias, dextrosa, fructosa, antioxidante E301, conservante E250, aceite de girasol, emmental alemán 4
8018896882312;Prosciutto Cotto Affettato;Simonini;d;4;E250;Nitrito sódico;alto;Schweinekeule (77 %), Wasser, Kartoffelstärke, Dextrose, Aromen, Salz, Gewürze, natürliche Aromen. Antioxidationsmittel: E301, Konservierungsmittel: E250
8019447017306;Color gel;Modecor;not-applicable;4;E122|E129|E102|E110;Azorrubina, Carmoisina|Rojo Allura AC|Tartrazina|Amarillo Ocaso FCF;alto|alto|alto|alto;Sciroppo di glucosio-acqua-saccarosio-coloranti: E122 (rosa), E133 (azzurro), E129 (rosso), E102 (giallo), E102, E133 (verde), E110 (arancio), E122, E133 (viola), E151, E122, E133, E110, E102 (nam) galificante: E406 acidificante: E330 - conservante: E202. E102, E110, E122, E129: può influire negativ
80723028;Mentos Gum White sweet mint;Mentos;not-applicable;4;E321;BHT (Butilhidroxitolueno);alto;Zoetstoffen xylitol (31%), sorbitol, mannitol, maltitolstroop, sucralose, acesulfaam-K), aroma's, maltodextrine, zetmeel, stabilisator (glycerol), vulstof (calciumcarbonaat), emulgatoren (sojalecithine, sucrose-esters van vetzuren), verdikkingsmiddel (cellulosegom), antioxidant (E321) glansmiddel (c
80759096;;Chupa Chups;not-applicable;4;E321;BHT (Butilhidroxitolueno);alto;Zucker,Kaumasse,Glukosesirup,Stabilisator(Glycerin),Aroma,Emulgatoren(Sojalecitin,Zuckerrester von Speisefettsäuren),Antioxidationsmittel (E321),Farbstoff(echtes Karmin)
80794301;TUTTI FRUTI;Mentos;not-applicable;4;E321;BHT (Butilhidroxitolueno);alto;EN Menthol fruit flavored chewing gum, with sweeteners Ingredients: sweeteners (xylitol (32%), E420, 1421, E965, E951, E955, 1950), gum base, stabilizer (422), aromas, maltodextrin, starch, acidulant (E296) emulsifiers (soya lecithin E473), thickeners (E415, 6466), coconut fat, glazing agent (E903),
80960294;Mentos pure fresh;Mentos;not-applicable;4;E321;BHT (Butilhidroxitolueno);alto;Edulcorantes (xilitol, sorbito manitol, maltitol, jarabe de maltitol, aspartamo acesulfamo K, sucralosa), goma estabilizador (glicerina), aromas, almidon maltodextrina, emulgentes (sucresteres ácidos grasos, lecitina de soja), grasa de coco. espesantes (goma de celulosa, goma xantana goma arabiga), 
8402001010088;Fresi Pink Mix;Hacendado;e;4;E102|E110|E122|E129;Tartrazina|Amarillo Ocaso FCF|Azorrubina, Carmoisina|Rojo Allura AC;alto|alto|alto|alto;Jarabe de glucosa, azúcar, gelatina, 4% zumo de fresa a partir de concentrado, agua, acidulante: ácido cítrico, ácido láctico, jarabe de azúcar invertido, gelificante: pectinas, aromas, corrector de acidez: citratos de sodio, agente de recubrimiento: cera carnauba, cera de abejas, concentrado vegeta
8402001015724;Pasta rellena de jamón y queso;Hacendado;c;4;E250;Nitrito sódico;alto;Pasta (52%) harina de trigo, huevos 21%, sémola de trigo duro, agua Relleno (48%) Jamón cocido 25% jamón de cerdo 85%, agua, sal, aromas, estabilizantes (E451 trifosfato de pentasodio E420 sorbitol, E407: carragenina), antioxidantes (E316: ertorbato de sodio, E331: citrato de sodio, conservador (E25
8402001016783;Rega Fruit Mix;Hacendado;e;4;E102|E129;Tartrazina|Rojo Allura AC;alto|alto;Azúcar, jarabe de glucosa y fructosa, harina de trigo (contiene gluten), 11% zumo de manzana a partir de concentrado, almidón de maíz, humectante: glicerina, jarabe de azúcar invertido, acidulante: ácido cítrico, ácido láctico, almidón de patata, grasa vegetal de coco, grasa de palma, aromas, correc
8402001021244;Boo! Mix;Hacendado;unknown;4;E102|E129;Tartrazina|Rojo Allura AC;alto|alto;Xarope de glicose, açúcar, gelatina, água, amido de milho, dextrose, acidificante: ácido cítrico, xarope de açúcar invertido, gelificante: pectinas, aromas, agente de revestimento: cera de carnaúba, cera de abelha, corretor de acidez: citratos de sódio, concentrado de vegetais: rabanete, groselha ne
8402001022760;Sabor Mojito;La Recompensa ICE;e;4;E102;Tartrazina;alto;Agua carbonatada, ron, azúcar, zumo de lima-limón, aromas naturales de limón y de limeta y aroma a hierbabuena, acidulante: ácido cítrico (E330), estabilizante: éster glicérido de colofonia (E445), conservante: benzoato sódico (E211) y colorantes: tartracina (E102) y azul patentado V (E131).
8402001026836;-;Hacendado;e;4;E102;Tartrazina;alto;Açúcar, base de goma, xarope de glucose, água, acidificante (E296), aroma, emulsionante (lecitina de SOJA), humidificantes (E420, E422), antiaglomerante (E553b), espessante (E414), corantes (E100, E102, E120, E133), agentes de revestimiento (E901, E903, E904). E102: Pode causar efeitos negativos na 
8410022113640;Pepito de chocolate;Donuts;e;4;E171;Dióxido de titanio;alto;harina de _trigo_, agua, azúcar, grasa vegetal (palma), grasa vegetal totalmente hidrogenada (palmiste), levadura, cacao desgrasado en polvo (1,4%), jarabe de glucosa y fructosa, _huevo_ líquido, emulgente E471, emulgente E322 (girasol), emulgente E492, emulgente E481, emulgente E472e, almidón, _lac
8410022114432;Donuts Cookies & Cream;Donuts;e;4;E171;Dióxido de titanio;alto;harina de _trigo_, azúcar, grasa vegetal (palma), agua, jarabe de glucosa y fructosa, grasa vegetal totalmente hidrogenada (palmiste), cacao desgrasado en polvo (4.9%), _huevo_ liquido, levadura, almidón de maíz, harina de _soja_, sal, nata (_leche_) en polvo, emulgente E322 (girasol), emulgente E47
8410022114876;Donut Red Velvet;Donuts;e;4;E171;Dióxido de titanio;alto;Harina de TRIGO, grasa vegetal (palma), agua, azúcar, grasas vegetales totalmente hidrogenadas (palmiste, palma), jarabe de glucosa y fructosa, QUESO (2,2%), suero de LECHE en polvo, HUEVO liquido, LECHE entera en polvo, levadura, almidón de maíz, patata y TRIGO, LACTOSA, harina de SOJA, maltodextri
8410060282100;JAMBON SERRANO;Espuña,Esteban Espuña;e;4;E250;Nitrito sódico;alto;ham of pork, salt, dextrose and preservatives :sodium nitrite, potassium nitrate, e250, e-252,
8410060584105;Paleta Curada;Cuscó;e;4;E250|E252;Nitrito sódico|Nitrato potásico;alto|alto;paleta de cerdo, sal, estabilizante (E326), conservadores (E250, E252).
8410063085418;Sushi;Omakase;a;4;E102|E110;Tartrazina|Amarillo Ocaso FCF;alto|alto;Ensalada wakame [Algas abeto marino 67,5% (Undaria pinnatifida) Condimentos (arabe de maiz de alto contenido en fructosa, agua aceite de sésamo, azúcar, vinagre de vino, sal, humectante E 420, colorantes E133 y E102), Seta negra (Auricularia polytricha), Agar-agar 3,7% (Gelidium amansii), Granos de 
8410087160542;Flaminguitos;Dulcesol;e;4;E171;Dióxido de titanio;alto;azúcar, harina de _trigo_, _leche_ desnatada en polvo reconstituida 15%, _huevo_, grasas vegetales (palmiste, palma) humectante E420, humectante E422, jarabe de glucosa y fructosa, aceite de girasol, emulgente E322 (_soja_), emulgente E471, aromas (_leche_), gasificante E500, gasificante E450, almid
8410095005002;Cerezas en almíbar denso;Helios;d;4;E127;Eritrosina;alto;Cerezas, azúcar, jarabe de glucosa y fructosa, acidulante (ácido cítrico), colorantes (E127, E120).
8410128168230;Cola cao 0% Shake;Idilia;unknown;4;E952;Ciclamato;alto;_Leche_ desnatada (97%), cacao desgrasado natural (1.3%), alfa-ciclodextrina, proteína de _leche_, estabilizantes (E 418, E 339), aromas, espesante (E 410), edulcorantes (E952, E950, E955), sal.
8410156072868;Pastas artesanas;Reglero;e;4;E127;Eritrosina;alto;farine de blé, graisse animale (sạindoux), sucre, chocolat 4% (sucre, pâte de cacao, beurre de caçao, lactose (lait), matières grașses laitières (lait) émulsifiant, (lécithines (soja), arộme naturel), chocolat blanc 4% (suçre, beurre de cacao, lait écrémé en poudre, matières grasses laitières (lait)
8410174640117;Magro de cerdo cocido;felixia;d;4;E250;Nitrito sódico;alto;Carne de cerdo (85%), agua, sal, gelatina, estabilizantes (E450v,i, E451i, E452i, E407), azúcar, antioxidante (E316), aromas (contiene lactosa), y conservador (E250).
8410221110150;ORIGINAL;LICOR 43;not-applicable;4;E102|E110;Tartrazina|Amarillo Ocaso FCF;alto|alto;sugar, water, alcohol, aromas, acidifying: citric acid, colorants e102, e110
8410261152417;Tinto de verano limón 0% alcohol;Don Simón,J. Garcia Carrion;d;4;E952;Ciclamato;alto;Agua carbonatada, mosto tinto a partir de concentrado 15%, azúcar de uva, acidulante (ácido cítrico), edulcorantes (E952, E954), colorante (E163), aromas.
8410261650142;Disfruta Tropical;Don Simón;e;4;E952;Ciclamato;alto;jus de fruits partiellement à base de concentré (orange, pomme, banane, mangue et maracuja) en proportion variable, eau, acidifiant : acide citrique, édulcorants : e952, e954
8410261775197;Néctar de piña;Rostoy;d;4;E952;Ciclamato;alto;Zumo de piña a partir de concentrado 50%, agua, acidulante (ácido citrico), estabilizador (pectina), edulcorantes (E952 y E954) y antioxidante (ácido ascórbico).
8410317171027;Mini Hojaldres;1880;e;4;E320;BHA (Butilhidroxianisol);alto;Harina de _trigo_, grasa animal (antioxidantes (E304, E306, E310)), azúcar, vino, aroma, sal, antioxidante (E320).
8410320001762;Finissimas, pechuga de pollo;Campofrio;c;4;E250;Nitrito sódico;alto;Pechuga de pollo (66%), agua, aromas, dextrosa, estabilizantes (E420, E451, E407, E508, E412), sal, azúcar, antioxidante (E316), especias y conservador (E250).
8410320001809;pechuga;Campofrío;b;4;E250;Nitrito sódico;alto;Pechuga de pavo (70%), agua, aromas, estabilizantes (E420, E450, E451, E407a, E508, E412), dextrosa, sal, azúcar, antioxidante (E316) y conservadores (E262, E250).
8410320001816;Jamón Cocido Extra Finissimas;Campofrío Finissimas+;c;4;E250;Nitrito sódico;alto;Jamón de cerdo (81%), agua, antioxidantes (E325 y E316), dextrosa, sal, estabilizantes (E451, E407, E508, E412), conservador (E250) y aroma,
8410320001847;Mortadela clásica;Campofrío;e;4;E250;Nitrito sódico;alto;MORTADELA DE CERDO. : Carne de cerdo (37%), agua, carne separada mecánicamente de pavo, grasa de cerdo, corteza de cerdo, almidón, aromas, sal, estabilizante (E450), colorante (E120), ajo, antioxidante (E316) y conservador (E250).
8410320005449;Mini Fuet;Campofrío;e;4;E250;Nitrito sódico;alto;pork meat, salt, lactose (milk), dextrose, herbs, spices, antioxidant (e300), preservative (e250), starter culture, coating: sodium alginate and cellulose or edible collagen casing and cellulose, may contain traces of nuts and milk proteins,
8410320005807;;Aoste;e;4;E250;Nitrito sódico;alto;Lista de ingredientes: Grasa de pato (40%), hígado de pato (26%), hígado de pavo (16%), agua, vino, sal, azúcar, especias, aroma, jarabe de glucosa, espesantes (E407 y E415), regulador de acidez (E262), antioxidantes (E300, E301, E327 y E331) у conservador (E250). Recubrimiento: grasa de pato, agua,
8410320031332;Finissimas, jamón cocido extra;Campofrío;d;4;E250;Nitrito sódico;alto;Jamón de cerdo (82%), agua, aromas, dextrosa, sal, estabilizantes (e451, e407, e262, e508, e412), antioxidante (e316), y conservador (e250).
8410320033503;pizza campofrio ja y qu;Campofrío;d;4;E250;Nitrito sódico;alto;Harina de _trigo_, harina de _centeno_, agua, carne de cerdo, tomate concentrado, _queso_ mozzarella, grasa vegetal de palma, aceite de girasol, sal, dextrosa, levadura, azúcar, almidón modificado, orégano, especias, proteína de la _leche_, estabilizantes (E451, E420), antioxidantes (E316, E325, E33
8410320077941;;Campofrío Finissimas;b;4;E250;Nitrito sódico;alto;Pechuga de pavo (65%), agua, aromas, dextrosa, estabilizantes (E420, E451, E408, E508, E262, E412), sal, azúcar, antioxidante (E316), conservador (E250) y aroma de humo.
8410320106313;Snackin pavo;Campofrio;e;4;E252|E250;Nitrato potásico|Nitrito sódico;alto|alto;Carne de cerdo, carne de pavo, sal, lactosa, dextrosa, plantas aromáticas, especias, conservantes (E252, E250), colorante (E120), fermentos
8410320111751;Fiambre de pechuga de pavo;Campofrio;c;4;E250;Nitrito sódico;alto;Pechuga de pavo (60%), agua, aromas, almidón, dextrosa, estabilizantes (E420, E450, E407a, E508, E412), sal, azúcar, antioxidante (E316) y conservadores (E262, E250),
8410320115933;Finissimas, pechuga de pavo braseada;Campofrío;c;4;E250;Nitrito sódico;alto;Pechuga de pavo (65%), agua, aromas, dextrosa, estabilizantes ( E420, E451, E408, E508, E262, E412), sal, azúcar, antioxidante (E316), conservador (E250) , aroma de humo
8410320127356;Frankfurt original;Campofrío;d;4;E250;Nitrito sódico;alto;Carne de pollo 70%, agua, grasa de cerdo 2%, dextrosa, sal, E466, E451, especias, aromas, E316, aroma de humo, E250, Recubrimiento: colágeno
8410320138697;Caña de Lomo Clásico Lonchas;NAVIDUL,Campofrio;e;3;E252|E250;Nitrato potásico|Nitrito sódico;alto|alto;lomo de cerdo, sal, azúcar, pimentón, antioxidante E301, ajo, conservador E252, conservador E250, tratamiento de superficie (conservador E202),
8410320208420;Filete de lomo adobado extra;dia;c;3;E250|E249;Nitrito sódico|Nitrito potásico;alto|alto;90% lomo de cerdo, agua, sal, azúcar, pimentón, antioxidante E301, especias, conservador E250, conservador E249.
8410320240406;Finissimas, pechuga de pollo;campofrio;d;4;E250;Nitrito sódico;alto;Pechuga de pollo (65%), agua, aromas, dextrosa, estabilizantes (E420, E450, E407, E508, E262 y E412), sal, azúcar, antioxidante (E316), ajo y conservador (E250)
8410320249478;Pavofrio pechuga de pavo horno de leña;Campofrío;c;4;E250;Nitrito sódico;alto;Pechuga de pavo (66%), agua, aromas estabilizantes (E420. E450, E407 E508, E412). dextrosa, sal, azúcar, antioxidante (E316) COnservador E250), especias.
8410320258234;Cuida-t+ pechuga de pavo lonchas finas;Campofrio;c;4;E250;Nitrito sódico;alto;Pechuga de pavo (69%), agua, aromas, establizantes (E420, E451, 6407, E506, 2 E412), dextrosa, sal, antioxidante (E316), especias y conservador (E250)
8410320267526;Cuida-t+ pechuga de pavo cocida;Campofrio;b;4;E250;Nitrito sódico;alto;Pechuga de pavo (69%), agua, aromas, estabilizantes (E420, E451, E407a, E508, E412), dextrosa, sal, antioxidante (E316) y conservadores (E262, E250).
8410320267557;;Campofrío;a;4;E250;Nitrito sódico;alto;Jamon de cerdo (79%), agua, aroma, estabilizantes (E450i, E508, E407, dextrosa, sal, azucar, antioxidante (E316) y conservador (E250)
8410320267601;Pechuga de pavo;Campofrío;d;4;E250;Nitrito sódico;alto;Pechuga de pavo (65%), agua, aromas, dextrosa, estabilizantes (E420, E451, E408, E508, E412), sal, azúcar, antioxidante (E316) y conservadores (E262 y E250).
8410320305266;Mortadela de Pavo;campofrio;d;4;E250;Nitrito sódico;alto;Carne de pavo (43%), carne separada mecánicamente de pavo, agua, almidón, aromas, grasa de pollo, aceite de girasol, sal, dextrosa, carne de pollo, estabilizantes (E407a, E450, E508), colorante (E120), especias, antioxidante (E316) y conservadores (E262, E250).
8410320371889;Jamón cocido;Campofrio;d;4;E250;Nitrito sódico;alto;Jamón de cerdo (75%), agua, aromas, sal, dextrosa, estabilizantes (E450, E451, E407a, E412), azúcar, antioxidante (E316) y conservadores (E262, E250). *Sin alérgenos de obligada declaración según Anexo II del Reglamento (CE) 1169/2011.
8410320371896;Fiambre de pechuga de pavo;Campofrio;c;4;E250;Nitrito sódico;alto;Pechuga de pavo (60%), agua, aromas, almidón, dextrosa, estabilizantes (E420, E450, E407a, E425, E508, E412), sal, azúcar, antioxidante (E316) y conservadores (E262, E250).
8410320398176;;Campofrío;c;4;E250;Nitrito sódico;alto;Sugerencia de presentación FIAMBRE DE PECHUGA DE PAVO. INGREDIENTES: Pechuga de pavo (60%), agua, aromas, almidón, dextrosa, estabilizantes (E420, E450, E407a, E425, E508, E412), sal, azúcar, antioxidante (E316) y conservadores (E262, E250). *Sin alérgenos de obligada declaración según Anexo II del 
8410320398206;Pechuga de pavo braseada;Campo frío;c;4;E250;Nitrito sódico;alto;Pechuga de pavo (60%), agua, aromas, almidón, dextrosa, estabilizantes (E420, E450, E407a, E425, E508, E412), sal, azúcar, antioxidante (E316), aroma de humo y conservadores (E262, E250).
8410320398244;;Campofrío;d;4;E250;Nitrito sódico;alto;Jamón de cerdo (75%), agua, aromas, sal, dextrosa, estabilizantes (E450, E451, E407a, E412), azúcar, antioxidante (E316) y conservadores (E262, E250).
8410320399449;Salchiloncha estilo frankfurt;Campofrío;d;4;E250;Nitrito sódico;alto;Carne separada mecánicamente de pollo, agua, grasa de cerdo, almidón, aromas, dextrosa, sal, estabilizantes (E466, E450, E452), aroma de humo, especias, antioxidante (E316), conservadores (E250, E262). Sin alérgenos de obligada declaración según Anexo II del Reglamento (CE) 1169/2011.
8410320401449;Jamon cocido nature;Campofrio;d;4;E250;Nitrito sódico;alto;Jamón de cerdo (90%), agua, aromas, sal, estabilizantes (E451, E407a), concentrado de rábano, grosella negra y manzana, antioxidante (E316), conservadores (E250, E262). animalwelfair.com
8410330112021;Almendras rellenas;Doña Jimena;e;4;E320|E171;BHA (Butilhidroxianisol)|Dióxido de titanio;alto|alto;Sucre, graisse animale (avec antioxydants E320 BHA et E330 acide citrique), farine de _blé_, pâte d'_amande_ (13 %), pain azyme (farine de _blé_, amidon de maïs, fibres végétales, émulsifiant (E322 lécithine de _soja_), colorant (E171 dioxyde de titane), gazéifiant (E500ii bicarbonate de sodium), co
8410387013692;;Montes Lara;unknown;4;E171|E321;Dióxido de titanio|BHT (Butilhidroxitolueno);alto|alto;Harina de Trigo, manteca de cerdo, agua, azucar, jarabe de glucosa, almidón modificado, sal, levadura, gluten de trigo, harina de malta, emulgentes (E471, E472e, lecitina de soja, E435), conservadores (E282, E260, E262ii, E200, E202), grasa de palma, estabilizantes (E460, E466), colorantes (E171, E1
8410420999990;Flan Vainilla;Toledo;unknown;4;E102|E129;Tartrazina|Rojo Allura AC;alto|alto;Azúcar, Espesante: Harina de garrofín, Gelificante: Agar-Agar, Vainillina y colorantes E102 (puede tener efectos negativos sobre la actividad y la atención de los niños) y E129, Dextrosa y Cloruro Sódico.
8410448000937;El artesano;Schara;d;4;E250;Nitrito sódico;alto;Carne de cerdo 87% (origen España), agua, sal, especias, estabilizante: E450 y E452, dextrosa, antioxidante: E300 y conservador: E250. Tripa natural de cordero, comestible. Sin Gluten. Sin Lactosa. Sin Glutamato.
8410486078035;Jumbo classic;Oscar Mayer,Campofrio;d;4;E250;Nitrito sódico;alto;Carne separada mecánicamente de pollo, grasa de cerdo, agua, sal, dextrosa, estabilizantes (E466, E508, E450), aromas, especias, aroma de humo, antioxidante (E316), conservador (E250).
8410486081011;;Oscar Mayer,Campofrio;e;4;E250;Nitrito sódico;alto;pork belly 96%, salt, sugar, e451, e316, e250
8410495000096;Turrón Mazapán Frutas;Torrons Vicens, Vicens;e;4;E127;Eritrosina;alto;Mazapán 75% (_almendra_ 55%, azúcar, jarabe de glucosa-fructosa, conservador: sorbato potásico y esencia de limón), fruta confitada 25% (calabazate, cereza, naranja, sacarosa, fructosa, dextrosa, maltosa, conservadores: sorbato potásico y E223 (_sulfitos_), acidulante: E330 y colorantes: E100, E133,
8410524008048;Coctel de frutas en almíbar ligero;Sol de Archena;a;4;E127;Eritrosina;alto;Fruta (melocotón, pera, uva, piña, cereza (colorante (E127))), agua, azúcar, jarabe de glucosa-fructosa, acidulante (ácido cítrico), antioxidante (ácido ascórbico).
8410524008314;Coctel de frutas en almíbar ligero;Sol de Archena;a;4;E127;Eritrosina;alto;Fruta (melocotón, pera, uva, piña, cereza (colorante (E127))), agua, azúcar, jarabe ed glucosa-fructosa, acidulante (ácido cítrico), antioxidante (ácido ascórbico).
8410525205194;Bonbon à la Fraise;Fini;e;4;E124|E129;Ponceau 4R|Rojo Allura AC;alto|alto;SUCRE, SIROP DE GLUCOSE ET DE FRUCTOSE, EAU, GELATINE, PROTÉINES DE LAIT, ACIDIFIANT: E330, AROMES, COLORANTS: E124, E129, E124, E129 PEUT AVOIR DES EFFETS INDESIRABLES SUR L'ACTIVITE ET LA TENTION CHEZ LES ENFANTS,
8410525222788;Cinema Mix;Fini;e;4;E171;Dióxido de titanio;alto;COLORANTES E100, E120, E133, E160c, E171.
8410525226724;Fizz strips;Fini;e;4;E171;Dióxido de titanio;alto;jarabe de glucosa y fructosa, azúcar, almidón, zumo de fruta 14,5% a base de concentrado (mezcla de frutas), acidulante (E296), grasa vegetal (palma), acidulantes (E3330, E270), sal, correctores de acidez (E325, E331), emulgente (E471), aromas, humectante (E422), colorantes: azul (E133), rojo (E120,
8410525237546;Líneas fresa;Fini;e;4;E129;Rojo Allura AC;alto;LINEAS FRESA FINI Gel dulce Ingredientes: Azúcar, jarabe de glucosa y fructosa, harina de trigo (gluten), almidón, grasa vegetal (Palma), gelatina, acidulantes E270, E296, aromas, corrector de acidez E325, sal, emulgente E471, Humectante E422, colorante E129. Producido en una fábrica que también man
8410525244384;Fresones rellenos con nata;Fini;e;4;E122;Azorrubina, Carmoisina;alto;Jarabe de glucosa, azúcar, agua, gelatina, almidón acetilado, humectante: E420, acidulante: E330, gelificante: pectina, acidulante: E270, corrector de acidez: E325, aromas, agentes de recubrimiento: E901, E903, colorantes: E122 , concentrados: zanahoria, grosella negra. Producido en una fábrica que 
8410525245268;Cintas con pica;Hacendado;e;4;E171;Dióxido de titanio;alto;Jarabe de glucosa y fructosa, azúcar, harina de _trigo_ (_gluten_), almidón, acidulante (E296), grasa vegetal (palma), acidulantes (E330, E270), correctores de acidez (E325, E331), sal, emulgente (E471), aromas, humectante (E422), colorantes (E100, E120, E133, E160c, E171).
8410525255205;Taco torcida pica cereza;Fini;e;4;E129;Rojo Allura AC;alto;jarabe de glucosa y fructosa, azúcar, harina de trigo (_gluten_), almidón, gelificante (pectina), grasa vegetal (palma), acidulantes (E330, E296, E270), aromas, correctores de acidez (E325, E331, E350), emulgente (E471), sal, humectante (E422), colorante: E129, E133, E129.
8410564029188;F.ravich Crisp.colors;Frit Ravich;d;4;E102|E129;Tartrazina|Rojo Allura AC;alto|alto;Maïs spécial pour pop-corn, sucre (30%), graisse végétale de palme, huile de tournesol, colorants (E102, E129, E131)
8410577110033;Lima sin alcohol;Dama de Baza;e;4;E952|E102;Ciclamato|Tartrazina;alto|alto;Agua, zumos de frutas a partir de concentrados 28% (manzana 16%, lima 12%), azúcares, aroma lima, acidulante (ácido cítrico), edulcorantes (E952, E954, E951), conservantes (E202, E211, E220), colorante (E102).
8410577119012;Granadina sin alcohol;Dama de Baza;e;4;E122;Azorrubina, Carmoisina;alto;Agua, azúcares, zumo de frutas a partir de concentrado 16%, aroma de granadina, aroma de frambuesa, acidulante (ácido cítrico), estabilizante (E415), conservantes (E202, E211, E220), colorante (E122).
8410740911948;Chocolatina rellena de leche;Lacasa;e;4;E171;Dióxido de titanio;alto;Chocolate con LECHE (50%)[ azúcar, manteca de cacao, LECHE entera en polvo, pasta de cacao, LACTOSA, MANTEQUILLA, emulgente: lecitina de SOJA y aromas. Cacao 32% mínimo], azúcar, grasas vegetales (manteca de karité, coco y girasol), grageas de chocolate con leche recubiertas de azúcar coloreado(mini
8410764013932;Jambon Serrano;Argal;e;3;E250|E252;Nitrito sódico|Nitrato potásico;alto|alto;Jambon de porc (159 g de viande de porc mise en œuvre pour 100 g de produit fini), sel, sucre, conservateurs (E250, E252), antioxydant (E301)
8410783120598;Chorizo espagnol fort;Noel;e;4;E250|E252;Nitrito sódico|Nitrato potásico;alto|alto;Viande et graisse de porc, sel, piment fumé, piment de Cayenne,  dextrose, ail en poudre, antioxydant (E301), conservateur (E250, E252), noix de muscade, origan. Boyau naturel comestible.
8410783139446;;Jumbo;unknown;4;E252|E250;Nitrato potásico|Nitrito sódico;alto|alto;Varkensvlees en vet, zout, MELKpoeder, LACTOSE, maltodextrine, aroma, dextrose, conserveermiddelen (E262, E252, E250), antioxidanten (E301, E331), specerijen, kleurstof (E120)
8410783404049;Lacón cortado a mano;Noel;d;4;E250;Nitrito sódico;alto;jamón de cerdo 84%, agua, antioxidantes (E316, E325), sal, estabilizantes (E451i, E543, E407), azúcar, jarabe de glucosa, aroma, aroma de humo, conservador (E250).
8410843008866;Frankfurt;Elpozo;e;4;E250;Nitrito sódico;alto;carne de cerdo 45%, carne de pavo y pollo 34%, agua, fecula de patata, sal, proteina de soja, aromas, E451, E407, E316, E250,
8410843012634;Salchichas Big Queso;ElPozo;e;4;E250;Nitrito sódico;alto;Came de cerdo (35ne de pavo PROTEINS (19%), caneanecanicamente de pavo (15%) agua, queso (8%) (contene leche), corteza de cerdo, fea de patata, sal, pretea dtra vegetal, aromas, arona te fumo, estabilizantes: E451 yE-407, antioxidante: E-316 sMvador E250, Fosto Contiene trazas de a vez abierto consu
8410843035763;El Pozo Salchichas Big classic;Elpozo;d;4;E250;Nitrito sódico;alto;Carne de cerdo, carne separada mecanicamente de pavo, agua, corteza de cerdo, fécula de patata, sal, aromas, aroma de humo, estabilizantes E-451 y E-407, antioxidante E316, conservador E250.
8410843064695;La Croquetería Jamón Ibérico;Elpozo;d;4;E252|E250;Nitrato potásico|Nitrito sódico;alto|alto;Núcleo (80%) (Base bechamel (86%) (_LECHE_ entera en polvo, aceite de girasol, almidones, harinas (arroz y garbanzo), fibra de guisante, aromas, azúcar, sal, especias, conservador (E-202) y antioxidantes (E-331 iii y E-301)), jamón curado (10%) (Jamón, sal, conservadores (E252, E250), antioxidante (
8410843127734;Paleta de cebo Ibérica;El Pozo, Elpozo;e;3;E252;Nitrato potásico;alto;paleta de cerdo, sal, conservador E252.
8410843129905;Jamón cocido extra;ElPozo;c;4;E250;Nitrito sódico;alto;Jamón de cerdo 86%), agua sal, aroma stabiles E451, E-407, E-420, alicantes (E316 E331), consonador E250. Contiene trazas de proteina de leche y soja.
8410843137771;Pechuga de pavo bajo en grasa;Dia;c;4;E250;Nitrito sódico;alto;Pechuga de pavo (60%), agua, proteina de _soja_, sal, fibra vegetal, aromas, estabilizantes (E451, E407, E420), antioxidantes (E316, E331), conservador (E250).
8410843137825;Pechuga de pavo 90% carne;Dia,ElPozo;c;4;E250;Nitrito sódico;alto;Pechuga de pavo (90%), agua, sal, proteína de soja, aromas, estabilizantes (E451, E407), antioxidantes (E331, E316), conservador (E250). Puede contener trazas de proteínas de la leche.
8410843137832;Jamón cocido extra sabor ahumado;Dia;c;4;E250;Nitrito sódico;alto;Jamón de cerdo (85%), agua, sal, lactosa, aromas, aroma de humo, estabilizantes (E407, E420), antioxidantes (E316, E331), conservador (E250). Puede contener trazas de proteína de leche y soja.
8410843140962;Salchichas de queso;Elpozo;d;4;E250;Nitrito sódico;alto;queso fundido (8%) (contiene leche) [queso, nata pasteurizada, agua, proteínas de leche, almidón de maíz, sales fundentes (E52, E331), sal, aromas, conservador (E202), estabilizante (E464), colorante (E160a)), agua, corteza de cerdo (8%), fécula de patata, sal, proteina de soja, fibra vegetal, aroma
8410891060304;Turrón viena;Meivel;e;4;E320;BHA (Butilhidroxianisol);alto;Azucar, harina de _trigo_, _cacahuetes_ 11.6%, pasta de cacao 10.6%, dextrosa, grasa vegetal (palma), manteca de cacao, emulgente (lecitina de _soja_), gasificantes (E500, E503), aroma, antioxidante (E320).
8410973012115;Jamón Cocido Extra;La Selva;e;4;E250;Nitrito sódico;alto;Jamón de cerdo (92%), agua, sal, azúcar, jarabe de glucosa, aromas, dextrosa, estabilizante (E451), gelificantes (E407, E417). antioxidante (E301), conservador (E250).
8410973042112;Pechuga de pavo;La Selva;b;4;E250;Nitrito sódico;alto;SIN-SENSE GLUTEN NGREDIENTES: Pechuga de pavo (7196), agua, sal, maltodextrina, gelificantes (E407, E410), fibra alimentaria, estabilizantes (E451, E452), extracto de especias, conservadores (E262, E243, E250), aroma, antioxidante (E316)
8410973077008;Salsichas Frankfurt;La Selva;c;4;E250;Nitrito sódico;alto;salc bas ocidas salsitxes cuites frankfurt ingre ntes: pork (68%), pork proteit water, salt, dextrose, specci stabilizers (e450, e451, e452), thickener (e466), preservatives (e262, e250), spice extract, flavors, antioxidant glucose syrup (e300, e301, e316), flavor enhancer (e621), sugar, bean wood, 
8410973112518;Jamón cocido extra;La Selva;c;4;E250;Nitrito sódico;alto;Jamón de cerdo (91%), agua, sal, maltodextrina, dextrosa, gelificantes (E407, E410) bilizantes (E451, E452), extractos de especias, conservadores (E282, E243, E250), azúcar, antioxidante (E316), aromas. INFORMACIÓN NUTRICIONAL (Valores medios por 100 g).
8410973122159;Jamón cocido extra corte charcutero;La Selva;d;4;E250;Nitrito sódico;alto;Jamón de cerdo 50% Duroc, sal, fibra vegetal, azúcar, sal potásica, extractos de especias, estabilizante (E451), gelificante (E407), aromas, antioxidante (E301), conservadores (E250, E243)
8410973512127;Pechuga de pollo cocida;La Selva;unknown;4;E250;Nitrito sódico;alto;Pechuga de pollo (88%), agua, sal, jarabe de glucosa, aromas, gelificante (E407), dextrosa, estabilizante (E451), fibra alimentaria, antioxidante (E301), conservador (E250).
8410973572268;Jamón cocido;La Selva;d;4;E250;Nitrito sódico;alto;Jamón de cerdo, agua, sal, maltodextrina, dextrosa, gelificantes (E407, E410), estabilizantes (E451, E452), extractos de especias, conservadores (E262, E243, E250), azúcar, antioxidante (E316), aromas.
8410973643395;Bacon ahumado con madera de haya;La Selva,Joaquim Albertí;e;4;E250;Nitrito sódico;alto;Bacon de cerdo, sal, dextrosa, estabilizantes (E451, E452), conservadores (E262, E243, E250), extractos de especies, azúcar , antioxidante (E316, E301).
8410973643418;Bacon lonchas;La Selva;e;4;E250;Nitrito sódico;alto;Bacon de cerdo (98 %), sal, dextrosa, estabilizantes (E451, E452), conservantes (E262, E243, E250), extractos de especias, azúcar, antioxidantes (E316).
8411030014707;Pechuga de pavo;serrano;d;4;E250;Nitrito sódico;alto;FIAMBRE DE PECHUCA DE PAVO COCIDO Ingregientes: Pechuga de pavo(60%), agua,almidón,drextosa,sal, estabilizante(E-407,E-420, antioxidantes (E316, E-331),aromas, aroma de humo, Conservadores (E250, E-252), recubrimiento: colorantes (carmin, annato)
8411030024317;Usnack! con jamón serrano;Serrano;e;4;E252|E250;Nitrato potásico|Nitrito sódico;alto|alto;Magro de cerdo, jamón serrano 7% (azúcar, conservador (E252), antioxidante (E300)), grasa de cerdo, sal, _lactosa_, proteína de _leche_, dextrosa, aromas, conservador (E250), colorante (E120), cobertura (E401, E509).
8411215460169;Polvorón clásico;La Biblia;e;4;E320;BHA (Butilhidroxianisol);alto;Farine de _blé_, sucre, saindoux de porc, antioxidant E320, _amande_ 5%, cannelle moulue, arôme de citron.
8411402232708;Kojak cereza;Fiesta;e;4;E129|E321;Rojo Allura AC|BHT (Butilhidroxitolueno);alto|alto;azúcar, jarabe de glucosa, goma base, acidulante: E330, aromas, humectante: sorbitol, colorante: E129, antioxidante: E321.
8411402253000;Maromas de Cereza;Fiesta;d;4;E129;Rojo Allura AC;alto;Azúcar, harina de TRIGO, jarabe de glucosa, agua, almidón, grasa vegetal,(palma)  acidulante E330, aromas, conservador E200, E202, colorante: E129 El colorante E129 puede tener efectos negativos sobre la actividad y la atención de los niños.
8411402261067;Kojak;Fiesta;unknown;4;E129|E321;Rojo Allura AC|BHT (Butilhidroxitolueno);alto|alto;Sucre, sirop de glucose, gomme base, acidifion E330, arômes, humectant: sorbitol, colorant: E129, antioxydant: E321, E129: peut avoir des effets indésirables sur l'activité et l'attention chez les enfants, Conserver au frais et au sec,
8411402261128;Mentitas;Fiesta;unknown;4;E171;Dióxido de titanio;alto;Sugar, glucose syrup, maltodextrin, palm fat, flavourings, colour: E171, potato protein, starch, emulsifier: É322, Keep in a cool an dry place, Sugar origin: EU and outside the EU, ® Bonbon fourré au pâte á macher, Goût menthe, Ingrédients: sucre, sirop de glucose, maltodextrine, graisse de palme, a
8411402261241;Piruleta de cereza con forma de corazón;Fiesta;unknown;4;E129;Rojo Allura AC;alto;azúcar, jarabe de glucosa, acidulante: E330, aroma, colorante: E129. | E129: puede tener efectos negativos sobre la actividad y la atención de los niños. Conservar en lugar fresco y seco. Origen azúcar: UE y fuera de la UE.
8411402286213;Chupon;Fiesta;unknown;4;E321;BHT (Butilhidroxitolueno);alto;Sugar, glucose syrup, gum base, acid: E330, colours: E162, E153, flavourings, humectant: sorbitol, antioxidant: E321. Keep cool and dry place. Sugar origin: EU and outside the EU. Sucette fourrée au bubble gum. Goût pastèque. Ingrédients: sucre, sirop de glucose, gomme base, acidifiant: E330, colora
8411402320320;Piruleta fiesta;Fiesta;e;4;E171;Dióxido de titanio;alto;Festa Colombing S,LU, 46-Aco Hengre Uz Madrid spona @ Surefte Igredien s: sutre, sirop de glucose, de gl అ ES acidifiant 30, wômas, colorants: goût cerise: ET29, poût mûn: E3, goûi fromboise: E171, E120, E 29, Peraycir des effets indésirables sur l'edivité cerez F17 et l'tention iz jes enfants, Cons
8411477910631;Bacón ahumado con madera de haya;Monells;e;4;E250;Nitrito sódico;alto;panceta de cerdo 95%, sal, conservador E326, conservador E243, conservador E250, dextrosa, jarabe de glucosa, estabilizante E451, estabilizante E450, antioxidante E331, antioxidante E301, aromas, extracto de especias, Ahumado con madera de haya,
8411500122024;Fruity jelly;Damel;e;4;E102|E129;Tartrazina|Rojo Allura AC;alto|alto;Azúcar, Jarabe de glucosa, Agua, 5% de zumo de frutas a base de concentrado (manzana, pera, piña, melocotón, naranja, limón, frambuesa, grosella negra, fresa, mora, arándano, cereza), gelatina, acidulantes: ácido cítrico, gelificante: pectina, aromas, corrector de acidez: E331, colorantes: E102, E12
8411500124134;Gummy vegan shiny;Damel;e;4;E102|E129|E171;Tartrazina|Rojo Allura AC|Dióxido de titanio;alto|alto|alto;Jarabe de glucosa, azúcar, agua, almidón modificado de patata, zumo de frutas a base de concentrado 5% (manzana, uva, pera, piña, melocotón), acidulantes (E330, E296, E270), aromas, vitamina C 0.2% (ácido L-ascórbico), colorantes (E102, E129, E133, E171), aceite vegetal (palma), agente de recubrimie
8411500224490;Colorinas regaliz;Damel;e;4;E102|E122|E129;Tartrazina|Azorrubina, Carmoisina|Rojo Allura AC;alto|alto|alto;Azúcar, harina de _trigo_, melaza, jarabe de glucosa, agua, almidón modificado de patata, estabilizante (E414), emulgente (E471), extracto de regaliz, sal, gelificante (pectina), aromas, conservador (E202), colorantes (E100, E102, E122, E129, E133, E160a, E516).
8411500227163;Cintas;Damel;d;4;E102|E129;Tartrazina|Rojo Allura AC;alto|alto;السكر ، شراب الجلوكوز الفركتوز طحين القمح ، الماء حامض الستريك إي ۳۳۰ ، إي ٢٩٦ ، الدهون النباتية جوز الهند ، منظم الحموضة إي ٣٥٠ .الختم يحتوي على الغلوتين. :مستحلب إي ٤٧١ ، نكهات صناعية ، المواد الحافظة: إي ۲۰۲ ، ألوان. معلومات غذائية ۱۰۰غ ، طاقة السعرات الحرارية / كيلو جول) ١٥٠٩/٣٥۰ ، دهون ١،٥غ. من
8411500227200;Relleenitos;Damel;d;4;E102|E129;Tartrazina|Rojo Allura AC;alto|alto;05883.1 M Damel Rellenitos Arcoiris حلال Halal Food Quasty Hfqinc152/ 20162301/a Made In Spain ® Recicla Recycle Peso Neto 260g الوزن الصافي أنا Geles Dulces. Ingredientes: Azúcar, Jarabe De Glucosafructosa, Harina De Trigo, Agua, Dextrosa, Grasa Vegetal Coco, Acidulantes: E330, E296, Emulgente: E47
8411500227729;Red noodles;Damel;e;4;E122|E129;Azorrubina, Carmoisina|Rojo Allura AC;alto|alto;Jarabe de glucosa-fructosa, azúcar, harina de _trigo_, agua, acidulantes (E330, E296), grasa vegetal (coco), corrector de acidez (E350), emulgente (E471), aromas, conservador (E202), colorantes (E122, E129).
84115539;;Pectol FRESH;e;4;E171;Dióxido de titanio;alto;Sucre, Sirop de glucose, Arômes, Vitamine C: L-ascorbate de sodium (0,3%), Graisse végétale (Palme), Colorant E171.
8411553901300;Salpicon de Pulpo;;unknown;4;E171;Dióxido de titanio;alto;PULPO (35%) (Octopus Vulgaris), aceite de girasol, SURIMI (agua, surimi (28%) (PESCADO, azúcar), almidón modificado E1420, almidón, azúcar, humectante (sorbitol), sal, aceite de SOJA, mirín, clara de HUEVO, extracto y aromas de CANGREJO (CRUSTACEOS), potenciadores del sabor (E631, E627, E621), gelif
84115713;Pectol Fresh Orange;Pectol;unknown;4;E110;Amarillo Ocaso FCF;alto;Sugar, Glucose syrup, Acidulant: E330, Flavours, Vitamin C: Sodium L-ascorbate (0,3%), Vegetable lat (Palm), Colour E10 E110, may have an adverse effect on activity and attention in children, Keep in cool and dry place, Best before end (BBD)-Lot: (SEE HOT STAMP) (FR) BONBON SAVEUR ORANGE AVEC VITAMI
8411640001098;Pineapple cocktail;;unknown;4;E102|E110|E124;Tartrazina|Amarillo Ocaso FCF|Ponceau 4R;alto|alto|alto;COCTEL DE PINA Agua carbonatada, alcohol de cereal, azucar, acidulante: acido citrico (E330), estabilizante: ester glicerido de colofonia (E445), aroma a pina, conservante: benzoato sodico (E211) y colorantes: tartracina (E102), amarillo anaranjado S (E110) y Ponceau 4R (E124). Importado y Distribui
8411763133621;Mousse de pato con reducción de Pedro Ximenez;la cuina;e;4;E250;Nitrito sódico;alto;paté, (hígado y grasa de pato 38 %, grasa de cerdo, agua, hígado de pollo, almidón, Pedro Ximénez 1.6%, sólidos lácteos (_leche_), clara de _huevo_, sal, cebolla, aromas, dextrosa, gelatina de cerdo, especias, estabilizante E339ii, estabilizante E339iii, corrector de acidez E262i, antioxidantes E316
8411763133669;Mousse de Pato con Setas;la cuina;e;4;E250;Nitrito sódico;alto;paté (hígado y grasa de pato 38 %, grasa de cerdo, agua, hígado de pollo, almidón, setas 2.2% (Cratherellus cornucopioides), sólidos lácteos (_leche_), clara de _huevo_, sal, aromas naturales, vino dulce aromatizado, cebolla, gelatina de cerdo, dextrosa, especias, estabilizante E339ii, estabilizante
8411769004611;Paté a las finas hierbas;Coren;d;4;E250;Nitrito sódico;alto;Tocino de cerdo, agua, hígado de cerdo (21,8%), carne de cerdo, cebolla, aromas, proteína de cerdo (contiene dextrosa), mezcla de especies y hortalizas (1,18%), sal, proteina de soja, azúcar y conservador (E250).
8411800318950;TRINA Naranja;Schweppes,Trina;d;4;E952;Ciclamato;alto;Agua, zumo de naranja a partir de concentrado (10%), azúcar, acidulante (ácido cítrico), aroma natural de naranja con otros aromas naturales, estabilizante (pectina), vitamina C, edulcorantes (E952, E955), colorante (carotenos).
8411800319056;Trina de limón sin gas;Schweppes,Trina;d;4;E952;Ciclamato;alto;Agua, zumo de limón a partr de concentrado 6%, azúcar, acidulante (ácido cítrico), extracto de limón, aromas naturales, estabilizante (goma acacia), vitamina C, aceite vegetal de coco, edulcorantes (E952, E955).
8411800319452;Trina naranja zero;TriNa Zero;c;4;E952;Ciclamato;alto;Agua, zumo de naranja a partir de concentrado 10%, reguladores de acidez (ácido cítrico, citrato sódico), aromas naturales, edulcorantes (E952, E955), estabilizante (pectina), colorante (carotenos).
8411800376455;Refresco trina laranja;Schweppes,Trina;d;4;E952;Ciclamato;alto;Agua, zumo de naranja a partir de concentrado 10%, azúcar, acidulante (ácido cítrico), aroma natural de naranja con otros aromas naturales, estabilizante (pectina), vitamina C, edulcorantes (E952, E955), colorante (carotenos).
8411800380223;Trina Té, sabor limón;Schweppes International Limited;a;4;E952;Ciclamato;alto;Agua, regulador de acidez, ácido cítrico y citrato sódico, aromas naturales, extrecto de té negro (0,09%),edulcorante E952, E950 y E955, Antioxidante E300. Sin gas.
8411823509106;Piruleta;miguelañez;unknown;4;E171;Dióxido de titanio;alto;PIRULETAS HANDMADE ES.CARAMELO DURO. INGREDIENTES:Azucar, jarabe de glucosa acidulante: acido citrico, aro mas (fre sa, manzana, limon y naranja) colorantes (E100, E120, E141,E160a, E163,E171), concentrado de espirulina. Puede contener trazas de HUEVO, PT. REBUCADO DURO. INGREDIENTES: acucar, xarope
8411977101003;Mantecadas;Hojaldres Alonso;e;4;E320;BHA (Butilhidroxianisol);alto;Harina de TRIGO, HUEVO, azúcar, mantequilla (LECHE), manteca de cerdo (grasa de cerdo, estabilizante: E-471, antioxidantes: E320 y E-321), producto de pastelería (gasificantes: E450i y E500i, corrector de acidez: E516, antiaglomerante: E170 y almidón de maíz), emulgentes: E-471 y E-475, azúcar inver
8411982013407;FIDEOS DE COLORES;salsafran;unknown;4;E102|E110;Tartrazina|Amarillo Ocaso FCF;alto|alto;Azucar,glucosa de malz.dextpr de tapioca, agentes recubrim E553b.E901 jarabe de gludosain colorantes: E102,E110,5122,E1 &quot,E102 E110.E12 2: pue sobre la atencion LIOS PDOS)
8412126740104;Yogoice;Churruca, Mr. Toddy;c;4;E102|E124|E129;Tartrazina|Ponceau 4R|Rojo Allura AC;alto|alto|alto;Agua, azúcar, LECHE en polvo, estabilizante E-466, antioxidante E-330, aromas, zumo de frutas concentrado, colorantes alimentarios E102, E124, E129 y E133.
8412159215266;Chorizo Extra;El Gaitero;e;4;E250|E252;Nitrito sódico|Nitrato potásico;alto|alto;Magros de cerdo, pimentón, sal, estabilizador (E451i), potenciador del sabor (E-621), conservantes (E250 y E252) y manteca de cerdo.
8412279158153;Colorante alimentario;Jauja;not-applicable;4;E102|E129;Tartrazina|Rojo Allura AC;alto|alto;harina de maíz, sal, colorantes (E102, E129).
8412370110630;Chipirones rellenos en aceite de girasol;Orbe;a;4;E171;Dióxido de titanio;alto;chipirones, aceite de girasol, surimi [pescado, azúcar, estabilizante (E1420), almidón, sorbitol, sal, aceite de clara de huevo, aromas de cangrejo (E651, E627), gelificante (E407), potenciador del sabor (E621), lecitina de soja y colorantes (E170, E171, E120, E160c)], arroz y sal
8412438012616;Hojaldrada rellena de crema;D. Sancho Melero;e;4;E320;BHA (Butilhidroxianisol);alto;Harina de _trigo_, azúcar, crema, pastelera 25% [fructosa, almidón modificado de maíz, estabilizantes (E460i y E466), conservador (E202), acidulante (E330)], manteca de cerdo ibérico [grasa de cerdo ibérico y antioxidante (E320)], vino (_sulfitos_), azúcar, sal, conservador (E202), aroma y acidulant
8412528020279;Sobrasada de mallorca;Soler;unknown;;E320|E321;BHA (Butilhidroxianisol)|BHT (Butilhidroxitolueno);alto|alto;Tocino fresco (antioxidante E320, E321), carne de cerdo fresca, pimentón en polvo, sal y pimienta negra. Tripa artificial, no comestible: colágeno, tratamiento con natamicina y sorbato de potasio.
8412540002000;Foie gras entero de pato mi cuit;Martiko;e;3;E250;Nitrito sódico;alto;Foie gras de pato 98%, sal, azúcar, brandy, especias, antioxidante (E301), conservador (E250).
8412540003717;Bloc de foie gras de pato relleno de queso de cabra;Martiko;e;4;E250;Nitrito sódico;alto;Bloc de foie gras de pato 80% (foie gras de pato, agua, brandy, sal, azúcar, especias, antioxidante (E301), conservador (E250)), relleno de queso de cabra 20% (queso de cabra 46% (_leche_ de cabra pasteurizada, sal, _fermentos lácticos_, cuajo, penicillium, cloruro cálcico), _nata_, agua, trufa (tub
8412568038418;Salchichas;Max Zander;d;4;E250;Nitrito sódico;alto;carne y papada de cerdo, agua, sal, proteina de La Leche, especias, dextrosa, azúcar, estabilizantes (E450, E451, E452), antioxidante E300, potenciador del sabor E621 y conservador E250
8412600027530;Bony;Bimbo;e;4;E171;Dióxido de titanio;alto;Couverture avec matière grasse végétale (28 %) {sucre, graisses végétales (palme, palmiste) en proportions variables, cacao dégraissé en poudre (4,6 %), émulsifiant (lécithine de _soja_), arôme}, farine de _blé_, crème saveur chantilly (12 %) {eau, sucre, sirop de glucose-fructose, amidon modifié de
8412666082733;Edulcorante líquido;La barraca;unknown;4;E952;Ciclamato;alto;Edulcorante de mesa liquido Almacen 125 ml e : Agua, edulcorante ciclamato sódico E-952 (15%) fructosa, edulcorante: sacarina sodica E-954 (1,5%), corrector de acidez: ácido citrico E-330 y conservante: åcido sórbico E-200. RECICLA 8 qotas equivalen a una cucharadita de azúcar (apróx. 4g-0,24kcal) I
8412670009702;Croissant 1/2 baño cacao;Carrefour;unknown;4;E320;BHA (Butilhidroxianisol);alto;Masa (75%): Harina de TRIGO, agua, manteca de cerdo (manteca de cerdo, estabilizante E471 y antioxidante E320), azúcar, levadura, sal, mejorante (emulgente (E471, E472e, E481), harina de TRIGO, antiaglomerante (E170), estabilizante (E412), antioxidante (E300) y enzimas), GLUTEN de TRIGO y conservado
8412877006054;;Palcarsa;unknown;4;E250|E252;Nitrito sódico|Nitrato potásico;alto|alto;carne y panceta de cerdo, sal, jarabe de glucosa, dextrina, dextrosa, especias, estabilizante E450, estabilizante E451, antioxidante E316, conservador E250, conservador E252, colorante E120,
8412877006115;Chorizo de leon extra;Palcarsa;e;4;E250|E252;Nitrito sódico|Nitrato potásico;alto|alto;pork meat and bacon, paprika, salt, spices, dextrin, dextrose, antioxidant e301, preservative e250, preservative e252,
8412877007075;Taquitos de panceta;Palcarsa;e;3;E252|E250;Nitrato potásico|Nitrito sódico;alto|alto;Sianliha (pekoni), suola, sokeri, säilöntäaineet (E252, E250), hapettumisenestoaine (E300)
8412877008515;Taquitos de chorizo;Palcarsa;e;4;E252|E250;Nitrato potásico|Nitrito sódico;alto|alto;Sianliha (93%), suola, paprika, valkosipuli, dekstriini, rypälesokeri, hapettumisenestoaine (E301), oregano, säilöntäaineet (E252, E250)
8413040999890;Rollitos al Cacao;La Repostera Artesana;e;4;E320|E321;BHA (Butilhidroxianisol)|BHT (Butilhidroxitolueno);alto|alto;Harina de Trigo (contiene gluten), Azúcar, Grasa Animal (Manteca de Cerdo y Antioxidantes E320 - E321), cacao en polvo (3'5%) y Aromas.
8413158063179;Lacón cocido y ahumado extra;Frimancha;d;4;E250;Nitrito sódico;alto;Pork shoulder (92%), water, salt, stabilizers (E407, E415, E451), dextrose, antioxidants (E301, E316), conservants (E250, E262), aromas, smoke aroma and black pepper essential oil. May contain traces of soy.
8413178368414;Relle molas;Vidal;e;4;E102|E129;Tartrazina|Rojo Allura AC;alto|alto;Glucose syrup, sugar 1% strawberry juice from concentrate, gelatine, acids: citric acid, invert sugar syrup, gelling agent: pectins acidity regulator: sodium citrates, flavourings, glazing agent: carnauba wax, beesw colours: E102, E129, E133. E102, E129: May have an adverse effect on activity and at
8413585021964;Pipas de calabaza;BonÀrea;d;4;E171;Dióxido de titanio;alto;Semillas de calabaza, sal, E171, E412
8413585024651;Chicles sin azúcar sabor hierbabuena;BonÀrea;not-applicable;4;E171|E320;Dióxido de titanio|BHA (Butilhidroxianisol);alto|alto;edulcorantes e420 e953 e967 e421 e951 e950 e955  goma Base aroma hierba buena  humectante e422 emulgentes e414 e322  colorante e171 agente de recubrimiento e903  antioxidante e320
8413925166034;Gominolas cocktail;Las Tres Rosas;e;4;E171|E122|E129;Dióxido de titanio|Azorrubina, Carmoisina|Rojo Allura AC;alto|alto|alto;AZUCAR JARABE GLUCOSA, AGUA GELICANTE GELATINA DEXTROSA ACIDULANTE: E330, GELIFICANTE PECTINA, ACIDULANTE E270, CORRECTOR ACIDEZ:E325, AROMAS, CONCENTRADO FRUTA Y PREPARADO EXTRACTO VEGETALES(GROSELLA NEGRA, ZANAHORIA). COLORANTES: E100,E120E133,E160C,E171 E122 E129  PUEDEN TENER EFECTOS NEGATIVOS S
8414100301240;Tónica zero 1l;Schweppes;c;4;E952;Ciclamato;alto;Eau, dioxyde de carbone, acide citrique, arômes naturels, e952, e950, e954, arômes quinine
8414169830125;Surtido de Fuets;carsodo;e;4;E250|E252;Nitrito sódico|Nitrato potásico;alto|alto;Varkensvlees en - vet - lactose, magere melkpoeder, zout, zwoerd, varkensproteinen, dextrose, kruiden stabilisatoren (E451, E450), suikerbietextract, kruidenextract, antioxidant (E301), conserveermiddelen (E250, E252), kleurstof (E120). Natuurlijke varkensdarm. Fuet Peper: Buitenkant: Peper (78%), g
8414188010027;Kavy refrescos;kavy;unknown;4;E952;Ciclamato;alto;Water, glucose syrup, sugar, acidifier (E300, E330), stabilizer (E466, E414, E445), flavors, artificial sweeteners (E951, E952 E954), preservatives (E202, E211), colorings [(E150d (cola), E160a (orange), E161b (lemon), E161b, E133 (lemon Time-lemon), concentrate of fruits and vegetbles (carrots blac
8414389019386;Chorizo asturiano;Juntamar;e;4;E250|E252;Nitrito sódico|Nitrato potásico;alto|alto;Carne de cerdo, tocino de cerdo, pimentón, sal, ajo, estabilizante (E451), potenciador del sabor (E621), conservador (E250, E252),
8414516079061;Salsa yogur;Florette;d;4;E171;Dióxido de titanio;alto;agua, aceite vegetal (girasol),azucar, yogurt en polvo 3.1%, sal, acidulantes (E270, E327, E260), yema de _huevo_ en polvo, almidon modificado de maiz (E1422), zumo de limon, _nata_ en polvo, estabilizante (E415), conservador (E202), eneldo, colorante (E171), antioxidante (E385)
8414516131240;Florette wraps;Florette;d;4;E250;Nitrito sódico;alto;Tortillas de harina de trigo multicereal (28%): harina de trigo, agua, aceite vegetal (aceite girasol alto oleico), estabilizantes (E422, E412), semillas de lino (0,5%), sal, corrector de acidez (E296), emulgente (E471), gasificante (E500), conservadores (E281, E202), aroma natural. Mezcla de hortal
8414606951178;Queso curazo;;unknown;;E252;Nitrato potásico;alto;Leche de Vaca, Cabra y Oveja, fermentos lácticos, cloruro cálcico, Lisozima (derivado del huevo), E252 cuajo y sal.
8414696014692;Flautas de bacon crispy y 3 quesos;Natur Easy;e;4;E250;Nitrito sódico;alto;Tortilla de _trigo_ 56% (harina de _trigo_ (contiene _gluten_) 56%, agua, aceite vegetal (girasol), estabilizantes (E422, E412, E466), sal, corrector de acidez (E296), emulgente (E471), gasificante (E500), dextrosa, sémola de arroz, conservadores (E281, E202), agente de tratamiento de la harina (E92
8414784090829;Back bacon;;unknown;;E250|E252;Nitrito sódico|Nitrato potásico;alto|alto;90% pork water salt glucose syrup preservatives e250 e252 antioxidants e301
8414807511843;Colorante alimentario;Consum;not-applicable;4;E102|E110;Tartrazina|Amarillo Ocaso FCF;alto|alto;Harina de maiz sal, colorantes (tartracina (E102), amarillo anaranjado S (E110)).
8414807519771;Pizza fresca jamón y queso al horno de piedra;Consum;d;4;E250;Nitrito sódico;alto;Guarnición (queso mozzarella 22% (_leche_ pasteurizada, sal, fermentos, cuajo, antioxidante (E330)), jamón cocido extra 20% (jamón de cerdo, agua, gelificante (E407), azúcar, estabilizante (E451i), sal, antioxidantes (E331ii, E316), conservadores (E250, E262i)), salsa de tomate (tomate, agua, aceite
8414807519795;Pizza fresca atún y bacon al horno de piedra;Consum;d;4;E250;Nitrito sódico;alto;Guarnición (queso mozzarella 22% (_leche_ pasteurizada, sal, fermentos, cuajo, antioxidante (E330)), salsa de tomate (tomate, agua, aceite de oliva, sal, azúcar, especias), bacon sabor ahumado 14.5% (panceta de cerdo, agua, estabilizantes (E451i, E450iii, E450v), sal, azúcar, antioxidantes (E316, E3
8414807525581;Pizza fresca barbacoa al horno de piedra;Consum;d;4;E250;Nitrito sódico;alto;Guarnición (queso mozzarella 22% (_leche_ pasteurizada, sal, fermentos, cuajo, antioxidante (E330)), salsa barbacoa 17.5% (agua, azúcar, tomate, vinagre de vino blanco, almidón modificado, sal, aromas, aroma de humo, extractos vegetales (_cebada_ (_gluten_)), estabilizante (E415), antioxidante (E330
8414807525598;Pizza fresca romana al horno de piedra;Consum;d;4;E250;Nitrito sódico;alto;Guarnición (queso mozzarella 20.5% (_leche_ pasteurizada, sal, fermentos, cuajo, antioxidantes (E330)), salsa de tomate (tomate, agua, aceite de oliva, sal, azúcar, especias), jamón cocido extra 12% (jamón de cerdo, agua, gelificante (E407), azúcar, estabilizante (E451i), sal, antioxidantes (E331iii
8414807531728;Ensalada de cangrejo;Consum;d;4;E171;Dióxido de titanio;alto;40% surimi (35% pescado blanco, agua, almidón (trigo (gluten)), proteína de huevo rehidratado en polvo, aceite de nabina, proteína de soja, azúcar, sal, potenciador del sabor (E621), colorantes (E120, E160c y E171), aroma), agua, aceite de nabina, azúcar, almidón maíz, yema de huevo de corral, 2% ca
8414807531742;Pizza fresca carbonara al horno de piedra;Consum;d;4;E250;Nitrito sódico;alto;Guarnición (queso mozzarella 18.6% (_leche_ pasteurizada, sal, fermentos, cuajo, antioxidante (E330)), salsa carbonara 14% (agua, proteínas de la _leche_, _nata_, sal, estabilizante (E415), conservador (E202)), bacon sabor ahumado 14.1% (panceta de cerdo, agua, estabilizantes (E451i, E450iii, E450v)
8414807551917;Carbonara;Consum;c;4;E250;Nitrito sódico;alto;Agua, _nata_ 5%, cebolla 5%, bacon 5% (panceta de cerdo, agua, sal, azúcar, estabilizador (E451i), antioxidante (E316), conservador (E250), aroma de humo natural, especias), aceite de oliva 3%, almidón modificado de maíz, sal, estabilizantes (E472e, E415), aromas, pimienta blanca 0.1%.
8414807557742;Sacarina;Consum;not-applicable;4;E952;Ciclamato;alto;Dextrosa, edulcorantes (ciclamato sódico 8% (E952), sacarina sódica 1% (E954)).
84150172;Wieners classic;Oscar Mayer;d;4;E250;Nitrito sódico;alto;Pollo (58%), cerdo(24%). Carne separada mecánicamente de pollo, grasa de cerdo, agua, sal, antioxidantes (E-325, E-316), dextrosa, estabilizantes (E451, E466), aromas y especias, aroma de humo, conservador (E250).
8416400610992;Menta;Trident;not-applicable;4;E171|E321;Dióxido de titanio|BHT (Butilhidroxitolueno);alto|alto;Edulcorantes (sorbitol, isomaltosa, jarabe de maltitol, maltitol, aspartamo, acesulfamo K), goma base, agente de carga (E170), aromas, humectante (E422), espesante (E414), emulgentes (E472a, lecitina de girasol), colorantes (E171, E133), agente de recubrimiento (E903), antioxidante (E321).
8416400611012;;Trident;not-applicable;4;E171|E321;Dióxido de titanio|BHT (Butilhidroxitolueno);alto|alto;Edulcorantes (sorbitol, isomaltosa, jarabe de maltitol, maltitol, aspartamo, acesulfamo K), goma base, acidulantes (E296, E330, E334), aromas, humectante (E422), espesante (E414), emulgente (lecitina de girasol), colorantes (E171, E163), agente de recubrimiento (E903), antioxidante (E321),
84164155;Trident sabor menta;Trident;not-applicable;4;E321;BHT (Butilhidroxitolueno);alto;Edulcorantes (sorbitol, maltitoles, xilitol, acesulfamo K, aspartamo), goma base, humectantes (E422, E1518), aromas, emulgentes (lecitina de girasol, E472a), antioxidante (E321).
84164162;Trident fresa;Trident;not-applicable;4;E321;BHT (Butilhidroxitolueno);alto;Edulcorantes (sorbitol, maltitol, xilitol, aspartamo, acesulfamo K), goma base, humectante (E422), emulgentes (lecitina de girasol, E472a), aroma, grasa de palmiste, acidulante (E330), antioxidante (E321).
84164445;Sabor a menta;Trident;not-applicable;4;E171|E321;Dióxido de titanio|BHT (Butilhidroxitolueno);alto|alto;Edulcorantes (sorbitol, isomaltosa, jarabe de maltitol, maltitol, aspartamo, acesulfamo K), goma base, agente de carga (E170), aromas, humectante (E422), espesante (E414), emulgentes (E472a, lecitina de girasol),  colorantes (E171, E133), agente de recubrimiento (E903), antioxidante (E321).
84164872;;Trident;not-applicable;4;E171|E321;Dióxido de titanio|BHT (Butilhidroxitolueno);alto|alto;edulcorantes (sorbitol, isomalte, xarope de maltitol, maltitol, aspartame, acessulfame K), goma base, acidificantes (E296, E330, E334), aromas, humidificante (E422), espessante (E414), emulsionante (lecitina de girassol), corantes (E171, E163), agente de revestimento (E903), antioxidante (E321). 0 s
84199119;goma de mascar sabor frutos;Trident;not-applicable;4;E321;BHT (Butilhidroxitolueno);alto;sweeteners (sorbitol, maltitol, maltitol syrup, xylitol, aspartame, sucralose, acesulfame k), base gum, flavourings, acidulant (e330), moisturizers (e422, e1518), emultents (sunflower lecithin, e472a), dye (e163), antioxidant (e321),
84199126;;Trident;not-applicable;4;E321;BHT (Butilhidroxitolueno);alto;sweeteners (sorbitol, maltitol syrup, xylitol, aspartame, acesulfame k, sucralose), gum base, bulking agent (e170), flavourings, humectant (e422), antioxidant (e321), emulsifier (sunflower lecithin), colour (e141),
84199133;Senses;Trident;not-applicable;4;E321;BHT (Butilhidroxitolueno);alto;sweeteners (sorbitol, maltitol, xylitol, maltitol syrup, aspartame, acesulfame k, sucralose), base gum, aromas, moisturizer (e422), emulsifiers (sunflower lecithin, e472a), acidulants (e330, e296, e334), dyes (e160c, e141), antioxidant (e321)
84199140;Trident;Trident;not-applicable;4;E321;BHT (Butilhidroxitolueno);alto;Edulcorantes (sorbitol, maltitoles, xilitol, aspartamo, sucralosa, acesulfamo K), goma base, aromas, acidulantes (E330, E296), humectante (E422), grasa de palmiste, emulgente (lecitina de girasol), colorante (E160c), antioxidante (E321).
8420252955002;Pato al Oporto;Capdevila;e;4;E250;Nitrito sódico;alto;Fígado de porco (28%). gordura de porco, carne de porco (21%), água, fígado de pato magro (5.4%). tecido conjuntivo de porco, sal, vinho do Porto (1,4%), amido de batata. antioxidantes (E301, E326. E330), emulsificante (E472c), cebola, especiarias e aromas, xarope de glicose, dextrose, tomate. _LEIT
8420252955026;Patê de fígado de porco com pimenta verde;Capdevila;e;4;E250;Nitrito sódico;alto;fígado de porco (33%), gordura de porco, carne de porco (21%), água, toxid conjuntivo de porco, pimenta verde (3%), sal, amido batata, antioxidantes (E311 E326), emulsificante (E472c), cebola, especiarias e aromas, xarope de glicose. dextrose, tomate, LEITE em po, fibras vegetais, amido de ervilha, 
8420391511145;Jamón de cerdo ibérico 50% raza ibérica;Montesano;e;3;E252;Nitrato potásico;alto;JAMON IBERICO, SAL Y CONSERVADORES E-250 Y E252
8420878060609;Pizza familiar jamón, bacon y queso masa fina;Palacios;d;4;E250;Nitrito sódico;alto;Guarnición (producto a base de queso (agua, queso 4.8% (_leche_ pasteurizada, sal, estabilizante (E509), fermentos lácticos, cuajo), aceite de girasol, proteínas de la _leche_, antioxidante (E331iii), sal), salsa de tomate (tomate 15%, agua, aceite de girasol, sal, especias), jamón cocido extra 7.4%
8420878060623;Pizza familiar barbacoa masa fina;Palacios;d;4;E250;Nitrito sódico;alto;Guarnición (producto a base de queso (agua, queso (_leche_ pasteurizada, sal, estabilizante (E509), fermentos lácticos, cuajo), aceite de girasol, proteínas de la _leche_, antioxidante (E331iii), sal), salsa barbacoa 17% (agua, azúcar, tomate, vinagre de vino blanco, almidón modificado, sal, aromas,
8420886317245;Sugar Free Chewing Gum With Sweeteners Peppermint Flavour;Clix;not-applicable;4;E320;BHA (Butilhidroxianisol);alto;Sweeteners (E420, E967, E421, E951, E950, E955),gum base, humectant (E422), flavouring, emulsifier (E322), glazing agent (E903), antioxidant (E320). Contains aspartame (a source of phenylalanine).
8421006000870;Integral;Galletes Rossellons;d;;E320;BHA (Butilhidroxianisol);alto;Harina de trigo, harina integral de trigo (25%), aceite de _soja_ (Antioxidantes E320), aceite de oliva, sal y levadura. de En la industria se procesan frutos secos, de manera que el producto _puede contener trazas de almendra o avellana_.
8421542820789;Turrón Crema Cremada;Farga;unknown;4;E102|E124;Tartrazina|Ponceau 4R;alto|alto;Harina de almendra Marcona, azúcar, agua, Nata 35,1% M.G. y estabilizador (E-407), yema clara (azúcar, huevo, agua, Mantequilla (leche y fermentos lácticos), yema (yema de huevo de gallina, conservantes: E202), almidón de maíz, cremor tártaro, sulfato potasico), yema (yema de huevo de gallina, conse
8421691407879;Paté a la pimienta;Alipende;d;4;E250;Nitrito sódico;alto;tocino de cerdo, hígado de cerdo 24%, agua, carne de cerdo, cebolla, proteína de cerdo, sal, proteína de _soja_, lactosuero (_leche_), azúcar, pimienta 0.5%, aromas, conservador E250, antioxidante E301, potenciador del sabor E621.
8421691407893;Paté a las finas hierbas;Alipende;d;4;E250;Nitrito sódico;alto;tocino de cerdo, hígado de cerdo 24%, agua, carne de cerdo, cebolla, sal, proteína de cerdo, proteína de _soja_, aromas, azúcar, especias, pimiento verde, lactosuero (_leche_), licor de melocotón, antioxidante E301, potenciador del sabor E621, conservador E250.
8421691714847;Paté de higado de cerdo;Alipende;d;4;E250;Nitrito sódico;alto;tocino de cerdo, agua, hígado de cerdo 22.5%, harina de _trigo_, cebolla, sal, proteína animal, azúcar, aroma (aroma, colorante E160c, antioxidante E306), conservador E250.
8421691734241;Mortadela con aceitunas;Alipende, ElPozo;e;4;E250;Nitrito sódico;alto;carne de cerdo 53.3%, aceitunas 18%, agua, tocino de cerdo, almidón de maíz, sal, proteína de _soja_, proteína de la _leche_, especias, estabilizante E451, estabilizante E407, antioxidante E316, conservador E250, colorante E120.
8421691734258;Mortadela siciliana;Alipende, ElPozo;e;4;E250;Nitrito sódico;alto;carne de cerdo 56%, carne de pavo 5%, agua, fécula de patata, tocino de cerdo, sal, proteína de _soja_, proteína de la _leche_, especias, estabilizante E451, azúcar, potenciador del sabor E621, antioxidante E316, conservador E250, colorante E120.
8421691751538;Tiras de bacon ahumado;Alipende;e;4;E250;Nitrito sódico;alto;panceta de cerdo 90.4%, agua, antioxidantes (E325, E316), sal, estabilizante (E451), conservadores (E243, E250), aroma de carne.
8421691824553;Chorizo Pamplona Extra + Salchichon Extra;Alipende;e;4;E250|E252;Nitrito sódico|Nitrato potásico;alto|alto;CHORIZO DE PAMPLONA EXTRA: carne de cerdo, tocino de cerdo, sal, pimentón dulce, azúcar, ajo, dextrosa, estabilizante E451i, estabilizante E450i, antioxidante E301, antioxidante extracto de romero, especias, conservador E250, conservador E252, colorante E120. Tratamiento en superficie: conservador E
8421764165477;Caña de lomo embuchado;carchelejo;e;4;E252;Nitrato potásico;alto;Cinta de iomo, sal, pimentón, dextrosa, LACTOSA, LECHE en polvo, aromas, potenciador del sabor (E-621), ajo, PROTEÍNA LÁCTEA, antioxidante (E-301), especias, conservantes (E-250, E252).
8421853040128;Rosa de Gominola;;unknown;4;E129;Rojo Allura AC;alto;Agua, azúcar, jarabe de glucosa, pectina, gelatina, acidulante: ácido cítrico e330, antioxidante E331iii, aroma y colorante: E129
8421865070120;Turrón de yema tostada;Berdún;e;4;E110;Amarillo Ocaso FCF;alto;Azúcar, ALMENDRAS, yemas De HUEVOS (10% ), agua y colorantes E-102 y E110.
8421991279176;Figuras tropicales;Tamarindo;e;4;E102|E110|E122;Tartrazina|Amarillo Ocaso FCF|Azorrubina, Carmoisina;alto|alto|alto;Azúcar, jarabe de glucosa, agua, gelatina, acidulante: E330, aromas, colorantes: E102, E110, E122, E133.
8422053110154;alvarez;Alvarez;e;4;E252|E250;Nitrato potásico|Nitrito sódico;alto|alto;Chorizo Asturiano Ahumado: Carne de cerdo, especias, sal, dextrosa, conservador E252, envoltura tripa natural de cerdo. Morcilla Asturiana Ahumada: Tocino de cerdo, sangre de cerdo, cebolla, sal, especias, fécula y proteínas vegetales, envoltura tripa natural de cerdo.  Panceta Curada: Panceta de ce
8422090800513;Hueva de bacalao;Ricardo Fuentes Salazones;e;4;E124;Ponceau 4R;alto;Hueva de bacalao (Gadus morhua), E124, sal marina
8422410428212;Preparat per llenties;Bonpreu;e;4;E252|E250;Nitrato potásico|Nitrito sódico;alto|alto;Botifarró ceba (greix i carn porc, ceba, sang porc, sal, extrudit blat moro, espécies, farina arros, col. làgen pore, antioxidant E301, aromes naturals, tripa natural porc), xorig orejat (greix i carn porc, sal, pebre vermell, fibra pesol, espécies, maltodextrina, dextrosa, aromes, conservador E252,
8422598050144;Raza duroc;La Hoguera;e;4;E252|E250;Nitrato potásico|Nitrito sódico;alto|alto;carne de cerdo, sal, jerez, _lactosa_, dextrina, azúcar, especias, antioxidante E301, antioxidante E316, antioxidante E331, potenciador del sabor E621, conservador E252, conservador E250,  colorante E120.
8422673100009;Limon Raspadura Base ja64;Arconsa;unknown;4;E102;Tartrazina;alto;Sirop de glucose et de fructose - sirop de glucose , sucre, eau - zeste de citron écrasé 0,6% - stabilisateur: E414 - acidifiant: E330, aromes,-conservateur: E202 - colorant: E102 - antioxidant: E300.
8422823230075;Chips barbecue;Coviran;e;3;E320;BHA (Butilhidroxianisol);alto;producto aperitivos fritos sabor barbacoa ingredientes, copos de patata desidratada, oleína de palma (contiene antioxidante: E320) almidón de tapioca, aroma de barbacoa (contiene soja), sal, azúcar,especias, potenciador del sable glutamato monosodico
8423467008082;Azulitos;Sugar Magic;unknown;4;E171;Dióxido de titanio;alto;28087849558 u e acadel ele with flavors and sugar diente: zamar (50%), glucose from corn (48%), ingredie acidifiants ant: citric acid e330 (1%), dyes: e120-carmine, riboflavin, e131 blue patent v, natural flavors e10100 lemon, strawberry, cherries, baking soda, e caramel-sentamoniac e171-artificial 
8424058015335;Sandwich salami y queso;Ñaming;d;4;E252;Nitrato potásico;alto;Pan de molde (55%): harina de trigo, aqua, levadura, aceite vegetal (girasol), azúcar, sal, gluten de trigo, conservadores (E-282, E200, E-202), almidón de maíz, harina de soja, agente de tratamiento de la harina (E-300). Salami (24%): carne de cerdo (115g por cada 100g de producto), grasa de cerdo,
8424058020599;Pollo mostaza y miel;family Club;unknown;4;E250;Nitrito sódico;alto;SÁNDWICH CON PECHUGA DE POLLO COCIDA, PREPARADO LÁCTEO Y SALSA DE MOSTAZA-MIEL - : Pan de molde de TRIGO Con tomate deshidratado (28) (4580): harina de TRIGO, aqua,levadira, torate desidratado (28), acete de giasod, aúca, GLUTEN DE TRIGO, SA, Conservadores (EZ82, E-200, E 202), vinagre de vin, emulg
8424440001380;Pa de fetge;Obach;d;3;E250;Nitrito sódico;alto;Papada de porc, fetge de porc, ou, sal, vi (conté sulfits), pebre, julivert, conservadors (E250, E262i)
8424863008805;Fuet extra;Caula;e;4;E250;Nitrito sódico;alto;viande et graisse de porc, _lait_ en poudre, sel, dextrine, épices, vin (contient _sulfites_), antioxydant (E301), conservateur (E250), colorant (E120), intestin naturel de porc
8425011800067;Sandwich de pollo y ensalada;Ya!;d;4;E250;Nitrito sódico;alto;A05 01/02/26 Ya PESO NETO: 1500 SANDWICH DE ENSALADA Y PECHUGA DE POLLO-SALAD AND CHICKEN BREAST SANDWICH INGREDIENTES: PAN DE MOLDE BLANCO (harina de trigo, agua, levadura, aceite vegetal (girasol), azúcar sal, gluten de trigo, conservadores (E282, E200, E202), almidón de maíz, harina de soja, agen
8425011800111;Pollo bacon;Vital Sandwiches;d;4;E250;Nitrito sódico;alto;PAN DE MOLDE BLANCO (harina de trigo, agua, levadura, aceite vegetal (girasol), azúcar, sal, gluten de trigo, conservadores [E282, E200, E202], almidón de maíz, harina de soja, agente de tratamiento de la harina [E300]),  FIAMBRE DE POLLO 20% (carne de pollo, agua, carne separada mecánicamente de po
8425123026539;Jamon Duroc;;unknown;;E250|E252;Nitrito sódico|Nitrato potásico;alto|alto;Jamón de cerdo cruzado Duroc, sal común, azúcares, corrector de la acidez (E331iii), conservadores (E250 y E252) y antioxidante (E301)
8425252000981;Black Max;Max Protein;e;4;E102|E110|E122;Tartrazina|Amarillo Ocaso FCF|Azorrubina, Carmoisina;alto|alto|alto;Harina de trigo, grasas vegetales no hidrogenadas (palma,coco, girasol), edulcorante (lactitol), agente de carga (polidextrosa), concentrado de proteina de soja 10%, relleno de crema blanca 10%(aceite vegetal (girasol), almidón, grasa vegetal (palmiste), azúcar, emulgente (E322),pasta de almendras y
8425408015357;Maíz;Ke by Kelia;d;4;E320;BHA (Butilhidroxianisol);alto;Maïs, Graisse végétale (Palme), Sel, Arôme, Exhausteurs de goût : E627, E631, Colorant : E160c, Épices, Exhausteur de goût : E621, Antioxydant : E320.
8425545174016;Lomo embuchado;Boadas;d;4;E252|E250;Nitrato potásico|Nitrito sódico;alto|alto;lomo de cerdo, sal, pimentón, ajo, dextrosa, conservadores (E252, E250), antioxidante (E301).
8425596005109;Camperos;Degrana;e;4;E171;Dióxido de titanio;alto;fructosa, agua, cacao en polvo desgrasado 7,8%, almidon modificado, margarina (palma, coco, girasol), pasta de AVELLANA tostada, acidulante E270, conservador E202, sal, colorante E171 y aromas.
8426218002278;Roscón nata crema;;d;4;E171|E127|E320;Dióxido de titanio|Eritrosina|BHA (Butilhidroxianisol);alto|alto|alto;Relleno 37% (preparedo vegetal (grase y eneite vegetal hldrogenado palmlete (green grAnOk estabilian LECHE, mulslenntes (E420, E463), proteins (E4720 lecitina de SOJA, EA aolor rite(E160a) Cremaimidones (E100)) cr 0OCmldones modificados, aimidon de maiz, LECHE entere polvo, conservante (E202), stabl
8426262005447;Lacón en tapas;MRM;d;4;E250;Nitrito sódico;alto;jamón de cerdo 93%, agua, sal, azúcares, fermento, extracto de especias, estabilizante (E451, E450, E452), antioxidante (E301), aroma de humo, conservador (E250).
8426572012005;Saucisson avec noisette-grains du tournesol;Keesbo;e;4;E250|E252;Nitrito sódico|Nitrato potásico;alto|alto;Viande de porc, graisse de porc, LACTOSE, graines de tournesol NOISETTES (coate 100 g de produit final). LAIT EN POUDRE, sel, antioxydants (E301), dextrosa, épices, stabilisation (E451), ail, ama, conter leurs (E250, E252), colorant naturel (E120)
8426572023001;Espetec Catalan;Keesbo;e;4;E250;Nitrito sódico;alto;ESPTEC CATALAN ceants: Viande de porc, graisse de porc, sel, LACTOSE. LES PROTEINES DU LAIT. antioxydants (E326. E301. E331). sucte. Gextrine, épices, dextrosa, conservateurs (E250, C252). colorant naturel (E120) Boyau naturel de porc. Peut contenur des traces de FRUITS SECS,SULFITES vaieur nuuinve 
8426572954022;Baiona séché 1/2;Montagnel;e;4;E252|E250;Nitrato potásico|Nitrito sódico;alto|alto;Carne de cerdo, sal, antioxidante (E326, E301), dextrosa, conservante (E252, E250).Tripa natural de cerdo.
8427170990238;Salami extra;;e;4;E250|E252;Nitrito sódico|Nitrato potásico;alto|alto;Ingredients: Carn i greix de porc, proteina de porc, lactosa, sal, dextrina de patata, farina d'arròs, extracte de remolatxa, aromes, acidulante (E331), conservadors (E250, E252), estabilitzants (E451, E450), antioxidant (E301), espècies, colorants (E160c, E120), aroma de fum, oli refinat de gira-so
8427654140074;Callos con garbanzos;O.Villa;unknown;4;E124|E252;Ponceau 4R|Nitrato potásico;alto|alto;Callos 65%, garbanzos 20%, morros t patas de vacuno, gelatina, manos de cerdo, lomo, jamon, chorizo(magre de cerdo, tocino, dextrina, azucar, proteina de soja, E451, E124, aceite de oliva, pimenton, sal, ajo, E252, E202, E407,E621.
8428074732016;Valldan Secallona del Berguedà;Valldan;e;4;E250|E252;Nitrito sódico|Nitrato potásico;alto|alto;Carne magra y grasa de cerdo, lactosa, sal, maltodextrina de maíz, leche en polvo, correctores de acidez (E327, E262), proteína de cerdo, dextrosa, pimienta, potenciador del sabor (E621), antioxidante (E301), conservadores (E250, E252), colorante (E120), aromas naturales y tripa natural de cerdo. Pu
8428117000348;Harry gommi;;unknown;4;E102|E110|E129|E171;Tartrazina|Amarillo Ocaso FCF|Rojo Allura AC|Dióxido de titanio;alto|alto|alto|alto;Azucar, jarabe de glucosa, agua,dextrosa , gelatina, acidulantes E330, E270. corrector de acidad E325. Gelificante:Pectina, Aromas, Colorantes E102, E110, E129, E113, E150d,E171, E110, E 102, E 129,
8428204006208;Lomo;España e Hijos;e;3;E252|E250;Nitrato potásico|Nitrito sódico;alto|alto;lomo de cerdo, sal, azúcar, pimentón, especias, antioxidante E301, conservador E252, conservador E250, corrector de acidez E331ii.
8428764825516;Rollitos de Vegetales;Fanya;unknown;4;E250;Nitrito sódico;alto;Relleno (65%) : Repollo, zanahoria, cebolla, jamón cocido extra (10%) [jamon de cerdo, agua, sal, dextrasa, estabilizantes E451i, E407, E410, E420], aromas, especias. antioxidante E316, conservador E250, potenciador del sabor E621, vinagre y especias. Oblea (35%): Harina de TRIGO. agua, harina de ar
8429513001618;Sobrasada campohermoso;campohermoso;e;4;E321;BHT (Butilhidroxitolueno);alto;Tocino de Cerdo, antioxidantes (E-320 y E321), pimentón, sal, azúcares (dextrosa, azücar), especias, conservador (E-262), antioxidantes (E-331 y E-301), aroma y oleorresina de pimentón.
8431562060072;Fabada;Cascajares;c;4;E252|E250;Nitrato potásico|Nitrito sódico;alto|alto;Alubia judión 59,3% (alubias judiones, aqua, sal, secuestrante: E385 y conservador: E223 SULFITOS), caldo (agua, cebolla frita (cebolla, aceite de oliva, sal y corrector de acidez E330), aceite de oliva virgen extra, estabilizante (almidón modificado, maltodextrina, espesantes: E412 y E415), caldo d
8431876097306;Croquetas Jamon;Carrefour;c;4;E252|E250;Nitrato potásico|Nitrito sódico;alto|alto;Agua, Harina De Trigo, Jamón (12%) [Carne De Cerdo, Sal, Conservadores (Nitrito Sódico, Nitrato Potasico E252, E250), Antioxidante (Ascorbato Sódicoe301)], Almidón (Contiene Trigo) Aceite De Girasol (4%), Suero Lacteo Dulce En Polvo, Cebolla, Sal, Fibra De Trigo, Espesante (Goma Guar E412), Colorant
8431876272512;Panceta deshuesada;DNT, De nuestra tierra;e;4;E250|E252;Nitrito sódico|Nitrato potásico;alto|alto;Panceta De Cerdo (95,55%), Sal (4%), Azúcar, Dextrosa , Conservadores E250, E252 (0,45%)
8431876274516;Ginebra pink;Old thames;not-applicable;4;E129;Rojo Allura AC;alto;Alcohol 96% vol rectificado de cereales, Agua tratada, jarabe de azúcar, aroma, aroma natural, colorante E129 y corrector de acidez E500.
8431876280135;Ginebra citrus;Old thames;unknown;4;E110|E129;Amarillo Ocaso FCF|Rojo Allura AC;alto|alto;Agua tratada, alcohol 96% vol rectificado de cereales, jarabe de azúcar, aroma natural de cítrricos, aroma natural, extracto de ginebra "premium", aroma natural de naranja, colorante E110 y colorante E129.
8431876292497;Hamburguesa jamón y cebolla;Carrefour;c;4;E252|E250;Nitrato potásico|Nitrito sódico;alto|alto;Carne de cerdo (35%), carne de vacuno (34%), cebolla caramelizada (10%) (cebolla (89%), azúcar (11%)), agua, jamón (7,5%) (jamón de cerdo blanco, sal, estabilizante (E326), especias, conservadores (E252, E250), antixidante (E301)), harina de arroz, fibras vegetales, fécula de patata, sal, cebolla, e
8432286007060;Sin alcohol;Yemavin;d;4;E122|E952;Azorrubina, Carmoisina|Ciclamato;alto|alto;Agua, azúcares, acidulantes (ácido cítrico, E296), colorantes (E122, E150d), zumo de manzana a partir de concentrado 1.4%, extracto de uva, conservantes (E202, E211), edulcorantes (E952, E954), aroma de manzana.
8433329104470;Refresco de naranja;El Corte Inglés;c;4;E952;Ciclamato;alto;Agua carbonatada, zumo de naranja a partir de concentrado (5%), acidulante (E330), extracto de naranja, aromas naturales de naranja, aromas naturales, corrector de acidez (E331), edulcorantes (E952, E950, E951), conservador (E202), antioxidante (E300), estabilizantes (E414, E445, E410), colorante (E
8433329144926;Jamón cocido;El Corte Inglés;d;4;E250;Nitrito sódico;alto;Jamón de cerdo (85%), agua, antioxidantes (E325, E316), estabilizantes (E451i, E450i, INCOMPLETO ----), sal,  agua, dextrosa, azúcar, cloruro potásico, maltodextrina, conservador (E250) y especias.
8434018033439;Mix Gominolas;;e;4;E171;Dióxido de titanio;alto;jarabe de glucosa, azúcar almidón de malz gelatine, acidulante (E330), aceite de palma y coco, agente de recubrimiento (E903), aromas corrector de la acidez (E331) y colorantes (E100, E120, E133, E171)
8435037510222;Paleta de cebo iberica;Altanza;e;3;E250;Nitrito sódico;alto;Paleta de cerdo ibérico, sal, azúcar, corrector de la acidez (E331), conservadores (E 252, E250), antioxidantes (E 301).
8435037510291;Jamón de bellota 100% ibérico loncheado a mano;Altanza;unknown;;E252|E250;Nitrato potásico|Nitrito sódico;alto|alto;Jamón de cerdo, sal, azúcar, conector de acidez (E331), conservadores (E252, E250), antioxidante (E301)
8435037551706;Surtido Serrano;Cerezo;e;4;E250;Nitrito sódico;alto;Jamón Serrano Gran Reserva (50g): Jamón de cerdo, sal, azúcar, corrector de la acidez (E 331), conservadores (E 252, E 250), antioxidante (E 301). Chorizo serrano (50g): Paleta y recorte de cerdo, Sal lactato sódico (E-325), pimentón, dextrina, azúcar, dextrosa, proteina de SOJA. estabilizador (E-45
8435063800342;;;unknown;4;E122|E129;Azorrubina, Carmoisina|Rojo Allura AC;alto|alto;Azúcar, jarabe de glucosa-fructosa, harina de TRIGO (GLUTEN), agua, humectante: E420i, almidón de maíz, grasa de palma, acidulantes: E330 y E296, aroma, emulgente: E471, colorantes: E120, E122*, E129*.
8436000464597;Flamenquines;Aldelis;d;4;E250;Nitrito sódico;alto;jamón de pavo 54% (jamón de pavo marinado 93% (jamón de pavo 80%, agua, sal, antioxidantes (E301, E331, E325), corrector de la acidez (E262), especias, estabilizantes (E451i, E500i), conservador (E250), aroma natural), agua, sal, _lactosa_, _leche_, estabilizantes (E451iii, E407), dextrosa, proteína
8436004638901;Caprichos Surtidos;;e;4;E250;Nitrito sódico;alto;Pan blanco (harina de trigo (gluten), aqua, Levadura, aceite de girasol, azúcar, sal vinagre, emulgentes (E-472e, E-471, E-481), dextrosa. harina de soja, conservadores (E-282. E-200). regulador de pH (E-341i), antioxidante (E-300), anzimas y agente de tratamiento de la harina (E-920)). Fiambre de L
8436010213154;Old Amsterdam;old amsterdam;e;4;E251;Nitrato sódico;alto;Leche pasteurizada de vaca, sal, fermentos lácticos (contiene leche), coagulante microbiano, conservador (E251) y colorante (carotenos)
8436010214250;queso;Old Amsterdam;unknown;3;E251;Nitrato sódico;alto;leche pasteurizada de vaca, sal, fermentos Iàcticos (leche), cuajo, colorante annatto, conservador E251.
8436010217244;Gouda con pesto rojo cortado;Millán Vicente;d;4;E251;Nitrato sódico;alto;leche pasteurizada de vaca, sal, albahaca (0,6%), fermento lactico, ajo en polvo (0,2%), cuajo, colorantes (E120, E160b), y conservadores (E1105 (HUEVO), E251).
8436023771030;Palomitas dulces;belros;e;4;E102|E129;Tartrazina|Rojo Allura AC;alto|alto;Maíz, aceite de girasol, colorantes (E102, E129, E131) y aroma (incluye lactosa). E102, E129
8436026530771;Coca Tradicional;Musfi's;c;4;E127;Eritrosina;alto;Masa: Harina de trigo, masa madre, huevo pasteurizado, aceite de girasol, azúcar, agua, levadura natural, sal, emulsionante (mono y diglicéridos de los ácidos grasos), conservador (ácido sórbico), aroma (anís, naranja, vainilla), colorante (caroteno).  Decoración: fruta confitada (21%) (naranja, mel
8436026531440;Pestiño azucar;musfi's;unknown;4;E320|E102|E110;BHA (Butilhidroxianisol)|Tartrazina|Amarillo Ocaso FCF;alto|alto|alto;Harina de TRIGO, aceite de girasol alto oleico, agua, azúcar 11%, manteça de cerdo (grasa de cerdo, antioxidante E320), SÉSAMO - AJONJOLÍ-, emulsionantes (E471, E477), disolvente (E1520), antiaglomerantes (E570, E170, E470b), sal, gasificante (E500ii, E450i), almidón de maíz, pasta aroma de limón (j
8436028270170;Fuet riojano;cerrillo;unknown;4;E250|E252;Nitrito sódico|Nitrato potásico;alto|alto;Viande de porc, sel, lactose, protéine de lait, dextrose, dextrine, antioxydants E301, E331, épices, exhausteur de saveur E621 et colorants E120, conservateurs E250,E252 et boyau naturel..
8436028970421;Fiambre de lomo semicocido y adobado;Adobos Caysan;d;4;E250;Nitrito sódico;alto;lomo de cerdo 61.8%, agua 32.2%, fécula de patata, sal, fibra de pulpa cítrica, estabilizantes (E451i, E450v), dextrosa, maltodextrina, conservador (E250) (e-450v), gelificantes (E407, E407a, E415), antioxidantes (E316, E331iii), aromas, pimentón, extracto de pimentón (E160c) con agua añadida.
8436033930847;filete de lacón a la gallega;El Charcutero;unknown;4;E250;Nitrito sódico;alto;Jamón y paleta de cerdo (65% de carne en el producto final), agua, proteínas de soja, almidón de patata, sal, dextrosa, aceite vegetal, especias (contiene apio), estabilizadores (E451, E407), potencidor de sabor (E621), aromas, antioxidantes (E300, E316, E331, E301), conservadores (E250, E262, E325)
8436035026029;Piquito de jamón curado;La Finojosa;unknown;;E252;Nitrato potásico;alto;Jamón de cerdo, sal, E252, E260
8436043330293;Lomo de bellota ibérico;Coto del castaño;e;4;E252|E250;Nitrato potásico|Nitrito sódico;alto|alto;Lomo de cerdo de bellota ibérico, sal, pimentón, aceite de oliva, azúcar, ajo, _leche_ desnatada en polvo,dextrina, _lactosa_, proteína de _soja_, dextrosa, emulgentes(E450i, E450iii, E451, E452), _caseinato_, sal, antioxidantes (E300, E316, E331iii), conservadores (E252, E250)
8436046064683;Paleta de Teruel DOP;Aire Sano;e;3;E252;Nitrato potásico;alto;Paleta de cerdo, sal, conservador (E252), antioxidante (E301)
8436046210080;San Jacobo de jamón cocido y queso;elpozo;d;4;E250;Nitrito sódico;alto;Núcleo (61%): jamón cocido (carne de cerdo, agua,  fécula de patata,  sal, proteína de soja, proteína de leche,  azúcar,  dextrosa de maíz,  lactosa,  aromas,  estabilizantes  (E451, E407), potenciador del sabor (E621), conservante (E250), antioxidante (E316), colorante natural (E120), carne de cerd
8436046210097;Croquetas de jamón ibérico;Elpozo;unknown;4;E252;Nitrato potásico;alto;000 CROQUETA CON JAMON IBERICO PRODUCTO CARNICO, Ingredientes: Núcles (80%) (Base bechamel (86%) (Leche entera en polvo, aceite de girasol, almidones, harinas (arrezy garbanzo), fibra de guisante, aromas, azúcar, sal especias, conservador (E-202) y antioxidantes (E - 331my E-301) jamón curado (10%) 
8436046210356;Bocaditos de queso emmental y jamón cocido;elpozo;unknown;4;E250;Nitrito sódico;alto;Núcleo (81%) (Queso emmenthal (20%), (leche de vaca pasteurizada, sal fermentos lácticos, cuajo) Jamón cocido (20%) (came de cerdo, agua, fécula de patata, sal, proteina de soja, proteina de leche, azúcar, dextrosa de maíz, lactosa, aromas, estabilizantes (E451, E407), potenciador del sabor (E621), 
8436046210370;Croquetas de la abuela de jamón ibérico;El Pozo;unknown;4;E252;Nitrato potásico;alto;Nicion (80%) (Base bechamel (86%) (Lech entert en polvo, aceite de girasol, almidone harias cartaz y garbanzol, fibra de guisante, Stoming asar, sal especias, conservador - 202 antioxidantes (E-331 302amón Serrano (107) (Jamón, sal, Coberturat farver THE ETSUCA 2,250), antioxidante (E301) P ay palet
8436046822214;Ensalada de Jamón y Puerro;la cocina del norte;e;4;E250;Nitrito sódico;alto;Aceite de girasol, puerro 32%, jamón de cerdo 11,5%, APIO, agua, yema de HUEVO pasteurizada, vinagre de vino, azúcar, sal, almidón de maíz, estabilizantes E412, E415, E451 y E407, dextrosa, aroma, conservadores E211, E202 y E250, acidulante E330, antioxidantes E385, E316 y E300, semillas de MOSTAZA,
8436046951938;Alicante Benidorm;;unknown;4;E104|E110;Amarillo de quinoleína|Amarillo Ocaso FCF;alto|alto;Espumas dulces Geles dulces Consumir Preferente - mente antes del: 01/07/2027 easo Lote 150,250711 Porción Pizza 436046 951938' Ingredientes szucar jarabe de glucose y dextrou gelatine agua aceite vegeta amidon modificado eromes lactato sódico pectine acidulantes protei nes de LECHE Acido ctrice, ac
8436048726183;Bebida de Aloe Vera - Sabor Mango;Amazonia fruit;e;4;E102|E110;Tartrazina|Amarillo Ocaso FCF;alto|alto;Agua, jugo y pulpa de aloe vera (36%), azúcar, correctores de acidez: ácido cítrico (E 330), citrato de sodio (E 331), lactato de calcio (E 327), aroma, estabilizante: goma gellan (E 418), conservador: benzoato de sodio (E 211), colorantes (E102, E110)
8436534137011;Roscón de reyes gourmet;Vircar;d;4;E171;Dióxido de titanio;alto;relleno 45% (relleno a base de grasas vegetales (preparado a base de grasas vegetales (agua, aceites, grasas vegetales totalmente hidrogenadas (palmiste, colza, girasol, maíz, soja), azúcar, estabilizante E420ii, estabilizante E463, proteínas de la _leche_, emulgente E472e, emulgente E322 (_soja_), 
8436538780480;Marshmallow Figur;EktaMat, Sweetpeople;e;4;E129;Rojo Allura AC;alto;Ingredienser: Glukosesirup, fruktosesirup, sukker, vann, storfe gelatin, fuktighetsgivende middel (E422), smakstilsetninger, stivelse, vegetabilsk fett (full hydrogenet palmekjerne), MELK pulver, pulverisert MELK serum, emulgent (solsikke lecitin, E492), farger (E100, E129, E133, E172).
8436544290485;Cochinita pibil;Gourmet passion;c;4;E129|E102;Rojo Allura AC|Tartrazina;alto|alto;Carne de cerdo (38%), alubia blanca rehidratada (26%), caldo de achiote (agua, semillas de achiote, especias, conservantes: ácido acético, benzoato de sodio, colorante rojo E129, amarillo (E102), almidón de maiz, vinagre de vino, cebolla, manteca, sal yodada, pimienta negra y ajo en polvo rehidratad
8436546052524;Original;Surf Chips;e;4;E320;BHA (Butilhidroxianisol);alto;Copos de patata deshidratada, oleína palma (contiene antioxidante: E320), almidón de tapioca, dextrosa, sal, azúcar, especias, potenciador del sabor: glutamato monosódico. Puede contener trazas de soja y leche.
8436548712075;;;unknown;4;E250;Nitrito sódico;alto;Steak tartar marinado, Producto cárnico: Carne de vacuno (85%), agua, sal, antioxidante E301, correctores de la acidez: E262 y E331, dextrosa y conservador: E250, Salsa clásica tartar: Aceite de oliva virgen extra, MOSTAZA en grano [agua, vinagre de alcohol, semillas de MOSTAZA, sal, acidulante (E33
8436558547209;Ready-Mix Wasabi;yamachu;e;4;E102;Tartrazina;alto;Rabano picante (30%), edulcorante (E420), almidón de maíz, aceite de colza, sal, agua, saborizante, acidificante (E330), espesante (E415), colorantes (E102 y E103)
8436561094912;;;unknown;4;E129|E102;Rojo Allura AC|Tartrazina;alto|alto;ר סוכריות נוזלית בטעמי פירות ם כריות נןןליון, בטעם תות שדה 1 גרם מזון: רכיבים: סירופ גלוקוז, מים, חומצות מאכל (ציטרית, מאלית), מווסת חומציות E331, חומר טעם וריח מלאכותי (תות שדה), חומר משמר E202, צבע מאכל מלאכותי E129 (אדום אלורה), רם) 310 0 24 72 64 16 0 סוכריות גומי בטעם תפוח עץ רכיבים: סירופ גלוק
8436597110532;Lomito Ibérico Bellota;Cerro Negro;d;3;E252;Nitrato potásico;alto;Lomito ibérico de bellota, sal, pimenton, ajo, Oregano y conservadores E25OY E252
8436611270006;;;unknown;4;E122|E124;Azorrubina, Carmoisina|Ponceau 4R;alto|alto;DUVAL GRANADINA Proteger de os altas temperaturas y de la luz solar Una vez abierta, mantener en refrigeración y consumi antes de 3 meses Protect against high temperatures and sunlight Once opened keep in refrigerator and consume within 3 months. ES Ingredientes: agua, azúcar, aroma, conservantes £2
8436613310069;canelon de pollo a l'ast;Lassal;d;4;E252|E250;Nitrato potásico|Nitrito sódico;alto|alto;Bechamel (54%) ((LECHE entera UHT, Fondo de pollo (Agua, pollo, cebolla, zanahoria, aceite de girasol, aceite de oliva, sal, pasta de ajo (SULFITOS)), Mantequilla (mantequilla de LECHE), Harina de TRIGO, Sal, Jugo a partir de pollo asado*), Canelón (Pollo asado* (9,2%) (Musio de pollo, sal, especias
8437000199021;ENSALADA CESAR LM;LM Sandwich;c;4;E250;Nitrito sódico;alto;ENSALADA MEZCLUM 28%(escarola rizada, radicchio, brote de lollo rojo, brote de espinaca), FIAMBRE DE PECHUGA DE POLLO 25%(pechuga de pollo (50%), agua, almidón, dextrosa, sal, antioxidantes (E325, E316), estabilizantes (E451, E407, E412, E508), potenciador del sabor (E621), aromas, especias, aroma d
8437000199083;NAPOLITANA MIXTA LM;LM Sandwich;e;4;E102|E129|E250;Tartrazina|Rojo Allura AC|Nitrito sódico;alto|alto|alto;MASA 60% (Harina de trigo (Harina de trigo, enzimas y ácido ascórbico), agua, margarina (grasa vegetal (palma), agua, aceite vegetal (girasol), sal, emulgente (mono y di glicéridos de ácidos grasos (E471), acidulante (ácido cítrico (E330), conservador (ácido sórbico (E200), aroma, colorante (betacar
8437000199106;Sandwich mixto;lm sandwich;d;4;E250;Nitrito sódico;alto;PAN DE MOLDE (harina de trigo, agua, levadura, aceite vegetal (girasol), azúcar, sal, gluten de trigo, conservadores (E282, E200, E202), almidón de maíz, harina de sola, agentes de tratamiento de la harina (E300, E920)), FIAMBRE DE CARNE DE CERDO 31% (carne de cerdo (44%), agua, almidón, aromas, sal
8437000199168;TENTEMPIE POLLO MOSTAZA LM;lm sandwich;unknown;4;E250;Nitrito sódico;alto;PAN DE MOLDE 46% (harina de trigo, agua, levadura, aceite vegetal (girasol), azúcar, sal, gluten de trigo, conservadores (E282, E200, E202), almidón de maíz, harina de soja, agentes de tratamiento de la harina (E300, E920)), FIAMBRE DE PECHUGA DE POLLO COCIDA 31% (pechuga de pollo (50%), agua, almid
8437000199205;WRAP POLLO LM;lm sandwich;d;4;E250;Nitrito sódico;alto;PAN DE TRIGO (harina de trigo (55%), agua, grasa vegetal (palma), estabilizantes (E422, E412, E466), sal, dextrosa, emulgente (E471), gasificantes (E450, E500), sémola de arroz, corrector de acidez (E296), conservadores (E281, E202), agente de tratamiento de la harina (E920)), FIAMBRE DE PECHUGA DE 
8437000199212;WRAP BACON LM;Sandwich LM;e;4;E250|E320|E321;Nitrito sódico|BHA (Butilhidroxianisol)|BHT (Butilhidroxitolueno);alto|alto|alto;PAN DE TRIGO (harina de trigo (55%), agua, grasa vegetal (palma), estabilizantes (E422, E412, E466), sal, dextrosa, emulgente (E471), gasificantes (E450, E500), sémola de arroz, corrector de acidez (E296), conservadores (E281, E202), agente de tratamiento de la harina (E920)), BACON 26%, (Panceta de
8437000199236;WRAP JAMON COCIDO LM;Sandwich LM;unknown;4;E250;Nitrito sódico;alto;JAMÓN COCIDO 20% (jamón de cerdo (70%), agua, sal, leche en polvo, azúcar, maltodextrina de maíz y aromas, estabilizantes (E451 y E407), antioxidantes (E316 y E331), conservador (E250)), PAN DE TRIGO (harina de trigo (55%), agua, grasa vegetal (palma), estabilizantes (E422, E412, E466), sal, dextros
8437000199274;Vienesa de jamón cocido con queso tierno;LM;d;4;E250;Nitrito sódico;alto;PAN (harina de trigo, masa madre natural (harina de trigo, levadura agua y sal), mejorantes panarios (E170 y E300), sal, agua y levadura), JAMÓN COCIDO 32% (Jamón de cerdo (70%), agua, sal, leche en polvo, azúcar, malto dextrina de maíz y aromas, estabilizantes (E451 y E407), antioxidantes (E316 y E
8437000199281;SANDWICH TORTILLA YORK LM;lm sandwich;e;4;E250;Nitrito sódico;alto;PAN DE MOLDE (harina de trigo, agua, levadura, aceite vegetal (girasol), azúcar, sal, gluten de trigo, conservadores (E282, E200, E202), almidón de maíz, harina de soja, agentes de tratamiento de la harina (E300, E920)),TORTILLA DE PATATA 37% (patata frita (57%)(patata, aceite de girasol), huevo líq
8437000199311;SANDWICH YORK BACON Y QUESO CREMOSO LM;lm sandwich;e;4;E250;Nitrito sódico;alto;PAN DE MOLDE (harina de trigo, agua, levadura, aceite vegetal (girasol), azúcar, sal, gluten de trigo, conservadores (E282, E200, E202), almidón de maíz, harina de soja, agentes de tratamiento de la harina (E300, E920)), QUESO CREMA 21%(leche pasterizada de vaca, nata, fermentos, sal, estabilizantes
8437000199342;TENTEMPIE MIXTO CREMOSO LM;lm sandwich;e;4;E250;Nitrito sódico;alto;PAN DE MOLDE (harina de trigo, agua, levadura, aceite vegetal (girasol), azúcar, sal, gluten de trigo, conservadores (E282, E200, E202), almidón de maíz, harina de soja, agentes de tratamiento de la harina (E300, E920)), FIAMBRE DE CARNE DE CERDO 30% (carne de cerdo (44%), agua, almidón, aromas, sal
8437000199427;VIENESA CHORIZO PAMPLONA LM;Navidul;unknown;4;E252|E250;Nitrato potásico|Nitrito sódico;alto|alto;PAN (harina de trigo, masa madre natural (harina de trigo, levadura agua y sal), mejorantes panarios (E170 y E300), sal, agua y levadura), CHORIZO PAMPLONA 28% (carne y grasa de cerdo, pimentón, sal, lactosa, ajo, jarabe de glucosa, aroma, proteínas de la leche, dextrosa, estabilizante (E450), espec
8437000199823;CROISANT MIXTO LM;lm sandwich;e;4;E102|E110|E250;Tartrazina|Amarillo Ocaso FCF|Nitrito sódico;alto|alto|alto;CROISSANT (Harina de trigo, agua, margarina [grasa vegetal (palma), agua, aceite vegetal (girasol), sal, emulgente (mono y di glicéridos de ácidos grasos de (E471)), acidulante (ácido cítrico (E330)), conservador (ácido sórbico (E200)), aromas y colorante (β-caroteno (E160ai)], azúcar, levadura, con
8437000199830;CROISSANT CHORIZO;Revilla;e;4;E102|E110|E252|E250;Tartrazina|Amarillo Ocaso FCF|Nitrato potásico|Nitrito sódico;alto|alto|alto|alto;CROISSANT (Harina de trigo, agua, margarina [grasa vegetal (palma), agua, aceite vegetal (girasol), sal, emulgente (mono y di glicéridos de ácidos grasos de (E471)), acidulante (ácido cítrico (E330)), conservador (ácido sórbico (E200)), aromas y colorante (β-caroteno (E160ai)], azúcar, levadura, con
8437000199847;CROISANT SERRANO LM;lm sandwich;e;4;E102|E110|E250|E252;Tartrazina|Amarillo Ocaso FCF|Nitrito sódico|Nitrato potásico;alto|alto|alto|alto;CROISSANT (Harina de trigo, agua, margarina [grasa vegetal (palma), agua, aceite vegetal (girasol), sal, emulgente (mono y di glicéridos de ácidos grasos de (E471)), acidulante (ácido cítrico (E330)), conservador (ácido sórbico (E200)), aromas y colorante (β-caroteno (E 160ai)], azúcar, levadura, co
8437000199854;VIENESA JAMON SERRANO LM;lm;e;4;E250|E252;Nitrito sódico|Nitrato potásico;alto|alto;PAN (harina de trigo, masa madre natural (harina de trigo, levadura agua y sal), mejorantes panarios (E170 y E300), sal, agua y levadura), JAMÓN SERRANO 14% (jamón de cerdo, sal, azúcar, antioxidantes (E300), conservadores (E250 y E252)) y PREPARADO LACTEO 14%( grasa vegetal (palma), solidos lácteos
8437000199885;VIENESA POLLO CON CHEDAR LM;LM;d;4;E250;Nitrito sódico;alto;PAN (harina de trigo, masa madre natural (harina de trigo, levadura agua y sal), mejorantes panarios (E170 y E300), sal, agua y levadura), FIAMBRE DE PECHUGA DE POLLO 32% (pechuga de pollo (50%), agua, almidón, aromas, dextrosa, sal, estabilizantes (E451, E407a, E412, E508, E412), potenciador del sa
8437001799084;Brain Licker Blue;Brain Licker;e;4;E123;Amaranto;alto;glucose - fructose syrup, water, acidifiers: citric acid, lactic acid, malic acid, artficial favourings, artficial , natural colors: e133, e150d, e163, preservatives, e202, e211, flüssige süßware zum cutschen, zutalen: glukose-fruktose-sirup, wasser, sauerungsmittek, citronensäuie, michsaue apfelsäu
8437003813580;Premium serrano bodega;Jamón;e;3;E250|E252;Nitrito sódico|Nitrato potásico;alto|alto;Pork Ham, Salt, Preservatives (E250, E252), Antioxidant (E301)
8437003894275;Paleta Curada;Paletas Marpa;e;3;E250|E252;Nitrito sódico|Nitrato potásico;alto|alto;paleta de cerdo 95,8%, sal, azúcar, antioxidante E301, antioxidante E331ii, conservador E250, conservador E252,
8437004443632;César american style;Florette;unknown;4;E250;Nitrito sódico;alto;Mezcla de hortalizas en proporción variable (40%): escarola rizada, radicchio, canónigo. salsa césar americana (24%): aceite de girasol, agua, NATA ácida, azúcar, vinagre, yema de HUEVO, MOSTAZA (agua, semillas de MOSTAZA, vinagre, sal, azúcar, especias), sal, QUESO fundido en polvo (QUESO, sales de
8437005669369;Redondo de pollo asado;La Carloteña;d;4;E250;Nitrito sódico;alto;Muslo de pollo deshuesado (97,5%), almidón, proteínas de la _leche_, proteína de _soja_, sal, especias, dextrosa, _lactosa_, _almendra_ molida, estabilizantes (E-450, E-452, E-407), aromas, antioxidantes (E-301, E-331), conservador (E250). _Puede contener trazas de otros frutos de cáscara y huevo._ 
8437006803588;Coca llardons;;unknown;4;E320|E321;BHA (Butilhidroxianisol)|BHT (Butilhidroxitolueno);alto|alto;Harina de trigo, agua, grasa vegetal(aceite vegetal(palma),aceites vegetales(colza,palma), aroma y colorante: antioxidantes: E160aii.), llardons(chicharrones, E320 y E321), azúcar, almendra y sal.
8437007210477;Fresa sabrosa;;unknown;4;E102|E110;Tartrazina|Amarillo Ocaso FCF;alto|alto;Agua carbonatada, azúcar, aromas, piña y coco, colorantes: E102, E110, estabilizantes: E445, E414, acidulante: E330, corrector de acidez: E331, edulcorantes: E950, E955, conservante: E202
8437008295022;Sobrasada;choripalma;e;4;E252;Nitrato potásico;alto;Tocino, sal,vino (sulfitos),pimienta negra, ajos, preparado para elaboración de productos cárnicos (pimentón y especias, sal, dextrina blanca, azúcar (dextrosa), estabilizadores (E450 y E452), colorante natural (E120) conservador (E252) y pimentón.
8437008693705;Roscón con Relleno;Dulcinova;e;4;E127;Eritrosina;alto;Relleno 45% [Nata (contiene LECHE), mazada (contiene LECHE), grasa vegetal totalmente hidrogenada (palmiste, palma), glucosa, humectante (sorbitol), proteínas de la LECHE, emulgentes: E472b, E435 y E475, estabilizantes: E331, E410 y E407 y colorante: beta-caroteno], harina de TRIGO, azúcar, HUEVO en
8437012494244;;Inti's Cola;e;4;E102;Tartrazina;alto;Carbonated Water, Sugar, Acidifier: Citric Acid, Flavour, Acidity regulator: sodium citrate, Preservative: Potassium Sorbate, Sweeteners: Sucralose and acesulfame k, Color: E102.
8437013139748;Ensalada Pasta;Hacendado,Foodiverse;c;4;E250;Nitrito sódico;alto;Espirales de pasta de trigo simple cocida 34% conserva y E410), azúcar, aromas, antioxidante (E316), extracto de levadura, conservador (E250) y aroma de humo) y mezcla de brotes de lechuga en proporción variable 10% (brotes de go de
8437013358231;Chicle bola gragea;Choc Belga;unknown;4;E102|E129|E171;Tartrazina|Rojo Allura AC|Dióxido de titanio;alto|alto|alto;Azúcar, Dextrosa, Goma base, Jarabe de glucosa, Espesante: Goma arábiga, Humectante: Glicerina, Sorbitoles, Aromas, Emulgente: Lecitina de Soja: Agente de Abejas, Cera carnauba, Aceite de oliva, Antioxidante: BHA, Colorantes: E102, E129, E133, E171.
8437015612867;Salchichas Wagyu;;unknown;4;E250;Nitrito sódico;alto;Carne de vacuno Wagyu (80%), agua, sal, fibra vegetal, especias, estabilizante (E451i), dextrosa, conservante (E250), colorante (E120), y antioxidante (E301)
8437017349815;Diablichos (Tradición Venezolana);;unknown;;E250;Nitrito sódico;alto;carne y grasa de cerdo, sal,azúcar sal nitro (E250), especias y semillas de mostaza.
8437018598427;Chistorra Oreada de Serón;Peñacruz;e;4;E250|E252;Nitrito sódico|Nitrato potásico;alto|alto;Carne de cerdo, pimentón, sal, especias, dextrosa, estabilizantes (E450, E451), LACTOSA, azúcar, antioxidantes (E301, E331iii), potenciador del sabor (E261), extracto vegetal, conservadores (E250, E252), colorante (E120)
8443623560803;Galletas de naranja;;unknown;4;E102|E129;Tartrazina|Rojo Allura AC;alto|alto;Harina de trigo, azúcar, grasa vegetal (grasa y aceite vegetal refinados (palma y girasol), agua, emulgente (E-471), sal, acidulante (E330), conservador (E200). aroma y colorante (E160ai)), huevos, levadura (levadura y gasificador (E491)), sal y aroma de naranja (0,2%) (agua, azúcar, jarabe de gluco
8473099014166;Mix goma;Abiarjo;e;4;E171;Dióxido de titanio;alto;Azucar, jarabe de glucosa, jarabe fructosa y glucosa, agua, gelatina, harina de TRIGO (GLUTEN), almidon, acidulantes (E330, E296, E270), gelificante pectina, grasa vegetal (palma), aromas, correctores de acidez (E325, E331, E350), sal, emulgente (E471), concentrados (zanahoria, grosella negra, carta
8480000120205;Chocoiris;Hacendado;e;4;E171;Dióxido de titanio;alto;Azúcar, _cacahuete_ 19%, manteca de cacao, _leche_ entera en polvo, pasta de cacao, suero, estabilizante (goma arábiga), emulgente (lecitinas (_soja_)), jarabe de glucosa, colorantes (E171, E120, E100, E133), aroma de vainilla, agentes de recubrimiento (E904, cera microcristalina, cera carnauba),
8480000124876;Fussion, chocolate sabor a fresa;Hacendado;e;4;E171;Dióxido de titanio;alto;Azúcar, manteca de cacao, jarabe de glucosa y fructosa, _leche_ desnatada en polvo, pasta de cacao, agua, materia grasa _láctea_ anhidra, aceite vegetal de girasol, estabilizador (E440), emulgentes (lecitina de girasol, E476, E472c), correctores de acidez (E330, E333), colorantes (concentrado de bay
8480000124890;Fussion sabor a menta;Hacendado;e;4;E171;Dióxido de titanio;alto;Azúcar, pasta de cacao, jarabe de glucosa-fructosa, agua, manteca de cacao, aceite vegetal de coco, humectante (glicerina), emulgentes (lecitinas de girasol, E476, E472c), estabilizante (E440), aroma natural de menta, aroma (vainillina), corrector de acidez (E330, E327, E333), conservador (E202), co
8480000136107;Mora sin alcohol;Pi.omka;e;4;E122;Azorrubina, Carmoisina;alto;Agua, jarabe de glucosa y fructosa, azúcar, zumo de frutas a partir de concentrado, conservantes (E202, E211), acidulante (E330), aroma de mora, colorantes (E122, E133).
8480000136114;Manzana verde sin alcohol;Pi.omka;e;4;E102|E104;Tartrazina|Amarillo de quinoleína;alto|alto;Agua, jarabe de glucosa y fructosa, zumo de manzana a partir de concentrado, azúcar, conservantes (E202, E211), acidulante (E296), aroma de manzana, colorantes (E102, E131, E104),
8480000158390;Salsa queso;Hacendado;d;4;E171;Dióxido de titanio;alto;Agua, crema de _queso_ cheddar 10% (_queso_ cheddar, aceite de girasol, _leche_ en polvo, almidón modificado, sales de fundido (E452, E340, E331), sal, estabilizantes (E410, E407), colorante (extracto de pimentón)), pimiento rojo, concentrado de _proteína de suero_, almidón modificado de maíz, aroma
8480000198082;Edulcorante de mesa a base de ciclamato y sacarina;Hacendado;not-applicable;4;E952;Ciclamato;alto;Dextrosa, edulcorantes (ciclamato sódico (E952) 9% , sacarina sódica (E954) 1.2%),
8480000224927;Brocheta de golosinas;Hacendado;e;4;E171;Dióxido de titanio;alto;Azúcar, jarabe de glucosa-fructosa, agua, gelatina, clara de _huevo_ en polvo, acidulante (ácido cítrico), aromas, colorantes (E100, E120, E133, E141, E150d, E153, E160a, E163, E171), extracto de azafrán, almidón de maíz.
8480000228239;Cherry stick con chicle;Hacendado;e;4;E321;BHT (Butilhidroxitolueno);alto;Azúcar, jarabe de glucosa, goma base, acidulante (E330), aromas, colorante (E163), humectante (sorbitol), antioxidante (E321).
8480000229755;Paté fresco de vino de Oporto;Hacendado;e;4;E250;Nitrito sódico;alto;Grasa de cerdo, hígado de pato 18%, carne de cerdo 14%, hígado de pollo 9%, grasa de pato, vino tinto de Oporto 8.1% (_sulfitos_), _leche_, _huevo_, azúcar, acidulante (E262, E325), sal nitrificada (sal, conservador (E250)), harina de arroz, coñac, vino de Madeira (_sulfitos_), especias (_mostaza_),
8480000279729;Gaseosa pequeña;Hacendado;c;4;E952;Ciclamato;alto;Agua carbonatada, acidulante (ácido cítrico), edulcorantes (E952, E954), aroma natural de limón, aromas naturales.
8480000284891;Cocktail de mojito sin alcohol;Pi.omka;e;4;E102;Tartrazina;alto;Agua, azúcares, acidulante (ácido cítrico), aromas, extractos, estabilizantes (E414, E445), conservantes (E202, E211), corrector de la acidez (E331), edulcorantes (E950, E955), antioxidante (E307), colorantes (E102, E133).
8480000290465;Fresh gas limón zero azúcar;Hacendado;c;4;E952;Ciclamato;alto;Agua carbonatada, zumo de limón a partir de concentrado 1%, acidulante (ácido cítrico), corrector de acidez (citratos de sodio), edulcorantes (E952, E950, E951), estabilizantes (E1450, E445), antioxidante (ácido ascórbico), conservador (sorbato potásico), aroma natural de cítricos con otros aromas n
8480000290618;Cola zero azúcar;Hacendado;c;4;E952;Ciclamato;alto;Agua carbonatada, colorante (E150d), acidulante (E338), edulcorantes (E952, E950, E951), corrector de acidez (citratos de sodio), aroma (cafeína), aroma natural.
8480000290731;Refresco cola zero azúcar;Hacendado;c;4;E952;Ciclamato;alto;Agua carbonatada, colorante (E150d), acidulante (E338), edulcorantes (E952, E950, E951), corrector de acidez (citratos de sodio), aroma (cafeína), aroma natural,
8480000290748;Meradona;Cola Zero;c;4;E952;Ciclamato;alto;carbonated water, coloring (e150d), acidifier (e338), sweeteners (e952, e950, e951), acidity corrector (sodium citrates), natural aroma,
8480000290786;Fresh gas limón zero azúcar;Hacendado;c;4;E952;Ciclamato;alto;Agua carbonatada, zumo de limón a partir de concentrado 1%, acidulante (ácido cítrico), corrector de acidez (citratos de sodio), edulcorantes (E952, E950, E951), estabilizantes (E1450, E445), antioxidante (ácido ascórbico), conservador (sorbato potásico), aroma natural de cítricos con otros aromas n
8480000292322;Cola zero;Hacendado;c;4;E952;Ciclamato;alto;Agua carbonatada, colorante (E150d), edulcorantes (E952, E950, E951), acidulante (E338), corrector de acidez (citratos de sodio), aroma (cafeina, aroma natural)
8480000340955;Pipas calabaza tostadas agua-sal;Hacendado;d;4;E171;Dióxido de titanio;alto;Pipas de calabaza, sal, colorante (E171),
8480000341082;Colorante alimentario;Hacendado;not-applicable;4;E102;Tartrazina;alto;Harina de maíz, colorante (tartrazina (E102 20%), sal.
8480000341822;Colorante alimentario;Hacendado;not-applicable;4;E102;Tartrazina;alto;Harina de maíz, colorante (tartracina E102 14%), sal,
8480000342317;Cocktail Mezcla;Hacendado;d;4;E320;BHA (Butilhidroxianisol);alto;Maiz, _cacahuete_ y garbanzos fritos, bolita snack (sémola de maíz, sémola de arroz, azúcar, aroma, aroma de humo, maltodextrina, potenciadores del sabor (E621, E-631)), pasas sultanas, aceite refinado de girasol, sal, aceite de algodón, antioxidante (E320),
8480000347770;Preparado paella con azafrán;Hacendado;e;4;E102;Tartrazina;alto;Harina de maíz, colorante (E102), sal, ajo, pimienta negra, clavo, pimentón, azafrán 1%.
8480000520999;Paté fresco pimienta verde;Hacendado;e;4;E250;Nitrito sódico;alto;27% fígado de porco, gordura de porco, creme de arroz (leite, farinha de arroz), 14% carne de porco, colagénio de porco, ovo, 3,1% pimenta verde, acidificantes: E262, E325, sal nitrificado (sal, conservante: E250), açúcar, cebola, especiarias (mostarda), aroma, antioxidantes: E300, E330, dextrose, h
8480000521002;Paté fresco finas hierbas;Hacendado;e;4;E250;Nitrito sódico;alto;27 % higado de cerdo, grasa de cerdo, crema de arroz(leche, harina de arroz), 14% carne de cerdo, colágeno de cerdo, huevo,3,1% zanahoria, 2,29% verduras del huerto (cebolla, paprika, puero), sal nitrificada (sal, conservante: E250), adulante: E262, E325, azúcar, cebolla, especias (mostaza), aroma n
8480000521675;Mousse de pato;Hacendado;e;4;E250;Nitrito sódico;alto;92% Paté: gordura de porco, 20% figado de pato, 15% carne de porco, 10% figado de frango, gordura de palo, leite, ovo, acidificante: E262, E325, açucar, sal nitrificado (sal, conservante: E250), farinha de arroz, Conhaque, Madelra, especiarias (mostarda), colagénio de porco, aroma natural, puré de t
8480000523075;Paté Finas Hierbas;Hacendado;e;4;E250;Nitrito sódico;alto;Carne de hígado de cerdo, _leche_ descremada, _huevo_, sal, finas hiervas, dextrosa, especias, aromas, conservador E250,
8480000530592;Salchichas cocidas de pollo y pavo sabor ahumado;Hacendado;d;4;E250;Nitrito sódico;alto;mechanically separated meat of chicken 76%, water, mechanically separated meat of turkey 7%, salt, dextrose, vegetable fiber, stabilizer (e450), flavorings, spice extracts, glucose syrup, gelling agent (e466), sweet potato concentrate, spices, smoke flavoring, antioxidant (e315), hydrolyzed vegetabl
8480000561589;Pechuga de pavo;Hacendado;b;4;E250;Nitrito sódico;alto;Pechuga de pavo 70%, agua, sal, dextrosa, azúcar, proteina de _soja_, estabilizante E451i, estabilizante E407, especias, aromas, finas hierbas, antioxidante E301, conservador E250,
8480000561626;Pechuga de pollo al corte;Hacendado;c;4;E250;Nitrito sódico;alto;pechuga de pollo 70%, agua, sal, dextrosa, azúcar, proteína de soja, estabilizante E451i, estabilizante E407, especias, aromas, antioxidante E301, conservador E250,
8480000590664;Bacon Cintas;Hacendado;e;4;E250;Nitrito sódico;alto;pork belly, salt, dextrose, stabilizer e451i, antioxidant e301, spice extract, preservative e250,
8480000592309;Pechuga de pavo al corte;Hacendado;b;4;E250;Nitrito sódico;alto;turkey breast 70%, water, salt, dextrose, soy protein, stabilizer e451i, stabilizer e407, sugar, antioxidant e301, preservative e250, aromas, spices,
8480000593351;Mortadela Aceitunas Azeitonas;Hacendado;e;4;E250;Nitrito sódico;alto;pork 55%, water, olives 16%, starch, salt, soy protein, flavorings, spices, stabilizer e451i, stabilizer e407, antioxidant e301, coloring e120, preservative e250,
8480000635457;Crujiente rosca de lomo, bacon y queso emmental;Hacendado;d;4;E250;Nitrito sódico;alto;harina de _trigo_, queso (_leche_) emmental fundido, lomo, agua, bacon, sal, aceite de oliva, harina de _centeno_ malteado, levadura, fécula de patata, dextrosa, aromas, estabilizante E451i, estabilizante E407, acidulante E331iii, antioxidante E330, antioxidante E301, colorante E160a, extracto de pi
8480000636430;Pizza Americana Rellena de Cheddar;Casa Tarradellas,Hacendado;d;4;E250;Nitrito sódico;alto;Harina de _trigo_, crema de _queso_ cheddar 12% (_queso_ cheddar 33.5%, agua, _nata_, proteína de _leche_, aroma, colorante: annatto E160b), salsa barbacoa carolina 10.5% ( tomate, agua, vinagre, azúcar, sal, aroma de humo), _queso_ mozzarella 8.7%, tiras de cerdo asado (carne de cerdo asada, sal, d
8480000636621;Pizza Tirolesa;Hacendado;d;4;E250|E251;Nitrito sódico|Nitrato sódico;alto|alto;Harina de trigo,  agua,  puré de tomate 13%, queso mozzarella 8% (leche, sal, cuajo, fermentos lácticos), jamón speck 7,5%  (carne de cerdo, sal, dextrosa, especias, aromas naturales, conservadores: E250, E251), champiñón [Agaricus bisporus] 4,8%, queso brillante 3,5% (leche, sal, cuajo, fermentos l
8480000650061;Xuxes party;Hacendado;e;4;E171;Dióxido de titanio;alto;Azúcar, jarabe de glucosa, jarabe de glucosa y fructosa, gelatina, agua, acidulantes (E330, E296, E270), almidón de maíz, almidón modificado de maíz, almidón modificado de patata, humectantes (E422, E420), jarabe de azúcar invertido, grasas vegetales de coco y palmiste, gelificante (pectinas), aroma
8480000650566;Chicles regaliz y menta;Hacendado;not-applicable;4;E171;Dióxido de titanio;alto;Edulcorantes (sorbitol, E953), goma base (antioxidante (E306)), edulcorante (E965), aromas, humectante (E422), espesante (goma arábiga), colorante (E171), regaliz en polvo, edulcorantes (acesulfamo K, sucralosa, aspartamo), agentes de recubrimiento (E553b, E-903).
8480000651457;Cintas con pica;Hacendado;e;4;E171;Dióxido de titanio;alto;Jarabe de glucosa y fructosa, azúcar, harina de trigo (gluten), almidón, acidulante (E296), grasa vegetal (palma), acidulantes (E330, E270), correctores de acidez (E325, E331), sal, emulgente (E471), aromas, humectante (E422), colorantes: E100, E120, E133, E160c, E171,
8480000652133;Chic Kles XXL;Hacendado;not-applicable;4;E171;Dióxido de titanio;alto;sweeteners (sorbitol, e953), gum base (antioxidant (e306)), sweeteners (xylitol, mannitol, e965), flavourings, thickener (gum arabic), humectants (e422, e1518), acidulants (malic acid, citric acid, tartaric acid), dyes (e171, e160a, e120), sweeteners (aspartame, acesulfame k), coating agents (e903, 
8480000668431;Tinto de verano;Casón histórico;not-applicable;4;E952;Ciclamato;alto;Agua carbonatada, vino, azúcar, acidulantes (E296, E330), aromas naturales, antioxidantes (E331), edulcorantes (E952, E950).
8480000693839;Ensalada de wakame;Hacendado;c;4;E102;Tartrazina;alto;Alga marina,Tiras del agar, Hongo negro, Condimento (jarabe con sabor a fruta, colorante E102, E133, vinagre de arroz, aceite de SESAMO y SOJA, sal, SESAMO, pimiento rojo, salsa de soja (TRIGO), potenciador de sabor: E621, proteína vegetal hidrolizada (SOJA),
8480000707413;Ciclamato y sacarina;Hacendado;not-applicable;4;E952;Ciclamato;alto;Agua, edulcorantes (ciclamato sódico E952, sacarina sódica E954 1,6%), acidulante (ácido cítrico E330), conservador (sorbato potásico E202),
8480000825735;Magdalenas rellenas;Hacendado;e;4;E171;Dióxido de titanio;alto;Harina de _trigo_ (_gluten_), azúcar, aceite refinado de girasol (18,4%), crema al cacao (15,5%) (agua, azúcar, dextrosa, aceite refinado de girasol, glicerina, pasta de _avellana_ (_frutos de cáscara_), cacao en polvo 5%, espesante (almidón modificado), caramelo de sacarosa, proteína _láctea_ (_lec
8480000845979;Mini saladas;hacendado;unknown;4;E250;Nitrito sódico;alto;HARINA TRIGO, MARGARINA (GRASAPALMA, ACEITE (GRASOL SOJA, NABINA), AGUA, SAL, EMULGE471, ACIDE330, CONSRVADORE202, ANTIOXE306, E304, AROMA, COLORE160A), AQUA, AZÚCAR, LEVADURA, SAL, EMULGE472E, GLUTEN, DEXTROSA, ANTIOXE300, AROMA. SOBRASADA (CARNE, TOCINO, HÍGADOCERDO, AGUA, FÉCULAPATATA, PIMENTÓN, 
8480000849977;Poke salmón;Hacendado;c;4;E102;Tartrazina;alto;Arroz cocido [arroz, agua, mezcla de vinagres (azúcar, vinagre de alcohol, vinagre de arroz, agua, sal, azúcar demerara), aceite de maíz y zumo de limón (limón exprimido y antioxidante E223 (sulfitos))], salmón 10% (Salmo salar) (pescado), pepino, mango (mango antioxidantes E302, E300, E330 y E509),
8480000867865;Pechuga de pavo reducido en sal finas lonchas;Hacendado;a;4;E250;Nitrito sódico;alto;Pechuga de pavo(65%), agua, jarabe de glucosa, dextrosa, cloruro potásico, cloruro sódico, estabilizantes e451, e-407,aromas, antioxidante e301, conservadores e261, e250
8480010005110;Croquetas jamón;Eroski;d;4;E252;Nitrato potásico;alto;Agua, harina de trigo, pan rallado (harina de trigo, agua, sal, levadura, harina de cebada malteada, antioxidante: (E-300), aceite de palma, Suero de leche, jamón curado (3%) (jamón de cerdo, sal, dextrosa, conservadores (E252 y E-250), antioxidante (E-301) y corrector de la acidez (E-331ii), almidó
8480012007426;Gaseosa;Eliges, IFA;c;4;E952;Ciclamato;alto;Agua cartonatada, acidulante (icidu ctrico), edulcorantes (E952 yE-954) y aronas. Modo de emplec: no agtar antes de abric Servir fio. INFORMACIÓN NUTRICIONAL Consumir preferentenente ate ver tapón o botele VALORES MEDIOS POR 100 ml 2/0 0.
8480012035221;Edulcorante;Eliges;not-applicable;4;E952;Ciclamato;alto;Edulcorante: ciclamato sódico anhidro (E952) 67%, Corrector de la acidez: bicarbonato sódico (E500), edulcorante: sacarina (E954) 7%, Acido tartárico (E334), Dioxido de silicio (E551).
8480013040361;Paté a las finas hierbas;Spar;e;4;E250;Nitrito sódico;alto;ES) Paté đe bigado de cerdo alas firas hiertax Ihgredientes: ocino de cerdo, higado de cedo 261 n came de cerdo, cebola, proteina animal, sal proteina de azúcar, aromas, especias (0,43, dextrosa, antiondante E - Conservador (E250), Puede contener trazas de hue. Cou Var en hugar fresco y seco. Una ve
8480013125013;Chicle de fresa;Spar;not-applicable;4;E171;Dióxido de titanio;alto;Edulcorantes (sorbitol, isomaltosa, maltitol, manitol, jarabe de maltitol, aspartamo, acesulfamo K, sucralosa), goma base (lecitina de soja) aromas, colorante (E171), estabilizante (goma arabiga), acidulante (ácido citrico), aceite vegetal (palma, coco), agentes de recubrimiento (cera de abeja, cera
8480013125044;Chicle sabor hierbabuena;Spar;not-applicable;4;E171;Dióxido de titanio;alto;Edulcorantes (sorbitol, isomalt, maltitol, manitol, jarabe de maltitol, aspartamo, acesulfamo K, sucralosa), goma base, aromas, colorante (E171), estabilizante (goma arábiga), agentes de recubrimiento (cera de abeja, cera carnauba).
8480017019806;Preparado em pó sabor Morango;Dia;unknown;4;E952|E171;Ciclamato|Dióxido de titanio;alto|alto;Ingre en polvo (maltodextrina, zumo de remolacha concentrado), espesante (E952 E954), antiaglomerante (E341), vitamina C, maltodextrina, fresa en polvo (0,1 %) (arabe de glucosa, pulpa de fresa), colorante (E171), espesante (E414) y colorante (E160a). Modo de preparación: mezclar el contenido de un 
8480017027368;Chorizo Extra;Dia;e;4;E250|E252;Nitrito sódico|Nitrato potásico;alto|alto;carne de cerdo (111 g de carne utilizados para elaborar 1 de producto), leche desnatada en polvo, sal, pimentón, azúcar y estabilizantes (E451, E450), conservadores (E250, E252), Colorante E120, antioxidantes (E316, E392), Conservador de Superficie (E202)
8480017034083;Jamón cocido extra;Dia;d;4;E250;Nitrito sódico;alto;jamón de cerdo (85°%), agua, sal, Valores conservadores (E326, E243. E250, jarabe de glucosa, antioxidantes (E331, E301), aromas, estabilizantes (E451, E450), gelificantes (E407, E415), extracto de especias. Elaborado a partir de piezas de carne.
8480017042545;Hola Cola Zero;Dia;c;4;E952;Ciclamato;alto;Agua carbonatada, colorante (E150d), acidificante (E338), edulcorantes (E952, E950, E951 regulador de acidez (E331) e aromas (incluiendo cafeina)
8480017047236;Bobbi bitter;Dia;d;4;E122;Azorrubina, Carmoisina;alto;Agua carbonatada, tosa aciddante (E 330), extractos nan romas conservador (E 202), edulcorante E E122 E 124). E 122, E 124: puede tener ee dad y la atención de los niños. Servir fie no agitar antes de consumir. Conservar alores agresivos y fuera del akcance de la areferentemente antes del ver base d
8480017048158;Pechuga de pavo;Dia;c;4;E250;Nitrito sódico;alto;peito de peru (60%), água, xarope de glicose, sal, conservantes (E326. E243 E250), estabilizadores (E451, E450), gelificantes (E407, Sal: E415), antioxidantes (E331, E301), proteina vegetal IR-Ingesta de R soja), fibra vegetal, aromas, extracto de especias
8480017057136;Jamón cocido;Dia;d;4;E250;Nitrito sódico;alto;jamón de cerdo (74%), agua, sal, jarabe de glucosa, estabilizantes (E420, E451, E450), antioxidantes (E331, E301), gelificantes (E407, E415), conservadores (E326, E243, E250), dextrosa, aromas, extracto de especias.
8480017061126;Pechuga de pavo braseada;Dia;d;4;E250;Nitrito sódico;alto;pechuga de pavo (63%), agua. antioxidantes (E325, E316), estabilizantes (E407, E420, E451), sal, aroma, aroma de humo, potenciador del sabor (E621), conservador (E250) Puede contener trazas de leche derivados (incluida la lactosa).
8480017062505;Queso de oveja;Dia;d;4;E252;Nitrato potásico;alto;leche cruda de oveja, sal, cuajo, estabilizante (E509), conservador (E252) y fermentos lácticos. Aditivos en corteza: conservadores (E202, E235) y colorantes (E172). Origen de la leche: España.
8480017064066;Dia flash;Dia;e;4;E952;Ciclamato;alto;Agua, jarabe de glucosa y fructosa (6,5%), azúcar (0,5%), acidulante (E330), espesante (E466), edulcorantes (E952, F951*, E954), conservadores (E202, E211), aromas, vitamina C (L-ascorbato de sodio), colorantes (E120, E163). *Contiane aspartamo (una fuente de fenilalanina).
8480017066305;Albóndigas;Dia;c;3;E250;Nitrito sódico;alto;Albóndigas en salsa con guisantes y zanahorias: salsa(50,73%), [agua, harina de trigo cebolla, vino, tomate concentrado, manteca de cerdo, zanahoria, aceite de girasol, fécula de patata (15%), carne de pavo(7,7%), tocino de cerdo, harina de trigo, carne separada mecánicamente de pavo (3,9%), sal, al
8480017068187;Queso de oveja curado;Dia;d;4;E252;Nitrato potásico;alto;leche cruda de oveja, sal, cuajo, estabilizante 9), conservador (E252) y fermentos lácticos. Aditivos, comservadores (E202, E235) y colorantes (E172). Origen la leche España.
8480017073976;Limón UPSS Zero;dia;a;4;E952;Ciclamato;alto;Agua carbonatada (93%), zumo de limón a partir de concentrado (6%), acidulante (E330), conservador (E202 estabilizantes (E1450 y E444), edulcorantes (E950, E952 y E955 00 Oxidante (E300) y aromas.
8480017074683;Fiambre de pechuga cocida de pavo;Dia;d;4;E250;Nitrito sódico;alto;Pechuga de pavo (50%), agua, fécula de patata, sal, conservadores (E326, E243, E250), jarabe de glucosa, estabilizantes (E451, E450, E420), gelificantes (E407, E415), antioxidantes (E331, E301), aromas, extracto de especias. Puede contener trazas de soja Elaborado a partir de piezas de carne.
8480017075291;Paleta curada;Dia;e;4;E250|E252;Nitrito sódico|Nitrato potásico;alto|alto;Paleta de cerdo (92%), sal, azúcar, conservadores (E250, E252), dextrosa, antioxidante (E301)
8480017075550;Paté de Hígado de Cerdo;Dia;d;4;E250;Nitrito sódico;alto;tocino de cerdo, agua, higado de cerdo (23%), cebolla, sal, proteína animal, azúcar,  aroma(colorante ( E160c), antioxidante (E306)), conservador (E250)
8480017088178;Salchicha Frankfurt;Dia;d;4;E250;Nitrito sódico;alto;carne separada mecánicamente de pollo, agua, grady corteza de cerdo, came separada mecánicamente de pavo, almidón de Dalata sal azucar, estabilizantes (E451, E412, E415), especias, antioxidante (E316), aroma de humo, conservador (E250), Puede contener trazas de soja y leche
8480017094612;Bloc de foie gras de pato;Dia;e;3;E250;Nitrito sódico;alto;higado graso de pat , mañac, azucar, pimienta, conservador (E250), antioxidante
8480017100627;Napolitana de atún;La Hornada del Dia;unknown;4;E320;BHA (Butilhidroxianisol);alto;harina de trigo, relleno de atún (25%) [tomate frito (tomate, sal, acidulante (E330)), atún en aceite de girasol (9,2%) (atún, aceite de girasol y sal), aceite de girasol, lactosuero, espesante (E1414), leche entera en polvo, fécula de patata, espesantes (E401, E339, E450, E516, E504), glucosa atomi
8480017102188;Paleta cocida;Dia;d;4;E250;Nitrito sódico;alto;paleta de cerdo (71%), agua, Jarabe de glucosa, sal, aromas, conservadores (E326, E243, E250), dextrosa, fibra vegetal, antioxidantes (E351, E301), estabilizantes (E451, E450), gelificantes (E407, E415), hemoglobina, extracto de especias.
8480017104670;Empanada de carne;Dia;c;4;E250|E252;Nitrito sódico|Nitrato potásico;alto|alto;Harina de trigo, cebolla, [cebolla, aceite de oliva, sal, espesantes (E412, E412)], carne de cerdo (11%), vino blanco (contiene sulfitos), pimiento [pimiento, corrector acidez (E330), sal], agua, aceite de girasol, sal, fécula de patata, jamón curado [jamón de cerdo, sal, azúcar, conservadores (E250
8480017106438;Requins bonbons;Dia;e;4;E171;Dióxido de titanio;alto;Jarabe de glucosa, azúcar, agua, gelatina, acidulantes (E330, E270), aromas, colorantes (E171, E120, E133), agente de recubrimiento (E903) y aceite vegetal de palma.
8480017107282;Pollo Salchichas;Dia;d;4;E250;Nitrito sódico;alto;Carne separada mecanicamente de pollo (79%), agua, sal, estabilizante (E451), especias y aromas, antioxidante (E316), aroma de humo, conservador (E250). Recubrimiento: colágeno.
8480017139825;Chorizo ibérico lonchas;Dia;e;4;E252|E250;Nitrato potásico|Nitrito sódico;alto|alto;magro y tocino de cerdo ibérico (157 g para elaborar 100 g de producto), sal, especias, lactosa, dextrina, proteína de soja, proteína de la leche, azúcar, estabilizante (E450), antioxidante (E316), conservadores (E252, E250), colorante (E120).
8480017139832;Salchichón ibérico extra, loncheado;Dia;e;4;E252|E250;Nitrato potásico|Nitrito sódico;alto|alto;magro y tocino de cerdo ibérico (157 g para elaborar 100 g de producto), sal, dextrosa, dextrina, lactosa, caseinato sódico (derivado de la leche), especias, azúcar, emulgentes (E450, E451, E452), antioxidante (E301), aroma, potenciador del sabor (E621), conservadores (E252, E250), colorante (E120).
8480017142771;Salchichón de pavo;Dia;e;4;E250;Nitrito sódico;alto;carne desossada da pema de peru (69,7 %) e gordura de pato (17,390 leite magro em pó, sal, especiarias, dextrose, estabilizadores (E451, F45) antioxidante (F316). conservador ( E250) y colorante (E120)
8480017142788;Chorizo de pavo;Dia;e;4;E250|E252;Nitrito sódico|Nitrato potásico;alto|alto;carne desossada da perna de peru (74%) e gordura de pato (17%), leite em pó, sal, pimentão-doce, alho, especiarias, dextrose, estabilizadores (E451, E450, E452), antioxidantes (E316, E392), conservantes (E250, E252) e corante (E120), Conservante na superficie: E202.
8480017148308;Soup;Dia;unknown;4;E250|E252;Nitrito sódico|Nitrato potásico;alto|alto;jamon de cerdo (133 g de carne fresca para obtener 100 g de producto final),jarabe de glucosa, dextrosa, azucar, aroma, extractos de especias, antioxidante (E301), conservadores (E250 y E252).
8480017154231;Lomo de cebo ibérico;Dia;e;3;E250|E252;Nitrito sódico|Nitrato potásico;alto|alto;lomo de cerdo ibérico (165 g de carne de cerdo para elaborar 100 g de producto), sal, pimentón, azúcar, especias, antioxidante (E301), conservadores (E250 y E252), corrector de acidez (E331). Puede contener trazas de soja y leche.
8480017160737;Conos de maíz con queso y bacon;Dia;d;4;E320;BHA (Butilhidroxianisol);alto;Harina de maíz, grasa vegetal de palma, sal, azúcar, suero lácteo en polvo, aroma de humo, aromas (contiene lactosa), potenciadores del sabor (E621, E631, E627), estabilizantes (E339), colorantes (E160c, E160b), antioxidantes (E320, E310, E330, E307)
8480017165367;Baguettes, Fiambre e queijo;Dia;d;4;E250;Nitrito sódico;alto;instructions for use: 1) preheat oven for between 10-15 min, at 200c, 2) remove from the packaging and remuve the plastic cheese (76el, salt, yeast, sunflower ol sugar, con starch, pepper, garlic, oregano and basil, may contain traces of fish sr milk protein, soya protein, flavouring, emufsifier (e4
8480017173638;Hola Cola;dia;c;4;E952;Ciclamato;alto;Agua carbonatada, colorante (E1504), acidulante (E338), edulcorantes (E952, E950, E951), Corrector de acidez (E331), aromas naturales.
8480017173645;Hola Cola Zero Sin Cafeína Dia;Dia;c;4;E952;Ciclamato;alto;Agua carbonatada, colorante (E150d), acidulante (E338), edulcorantes (E950, E951 y E952), corrector de acidez (E331), aroma natural.
8480017177056;Salchichón ibérico cular extra;Dia;e;4;E250;Nitrito sódico;alto;came de cerdo ibérico (96% ), sal, pimienta, azúcar, antioxidante (E316), conservador (E250), potenciador de sabor (E621), aroma cural y tripa natural de cerdo calibre ancho.
8480017179968;Pechuguita de pollo asada al horno;Dia;b;4;E250;Nitrito sódico;alto;Pechuga de pollo (99 %), sal, emulgente (E452), dextrosa, antioxidante (E301), aroma, conservador (E250). Puede Contener trazas de soja, frutos de cáscara, leche, huevo y mostaza.
8480017210388;Lasaña boloñesa;Dia;c;4;E251;Nitrato sódico;alto;leche desnatada, came de cerdo picada (15% ) , sémola de trigo, tomate (Corrector de acidez (E330)), agua, queso [leche pasteurizada, sal, cuajo, fermentos lácticos, conservador E251) colorante (E160a), agua, proteinas de la leche, almidón modificado de patata y sal de fundido (E331)) harina de trig
8480017227171;Bacon Burger;dia;d;4;E250;Nitrito sódico;alto;Burguer meat (42%) [carne de vacuno (70%), preparado burger meat [cereales, vegetales (fibra vegetal, harina de arroz), sal, proteína de soja, dextrosa, almidón de maíz, especias (contienen apio), conservador (sulfito sódico (E221)), antioxidantes (E301, E331), colorante (E120)]], pan (41%) [harina 
8480017227195;Pizza Barbacoa;Dia;d;4;E250;Nitrito sódico;alto;Harina de trigo, salsa barbacoa (21%) [agua, azúcar, tomate, vinagre de vino blanco, almidón modificado de maíz, sal, aromas, aroma de humo, extractos vegetales (contiene cebada), estabilizante (E415), antioxidante (E330), pimienta de cayena, conservador (E202), agua, queso mozzarella [leche pasteur
8480017234230;Oveja Añejo 9 meses;Dia;d;4;E252;Nitrato potásico;alto;leche cruda de oveja, sal, conservadores (E1105 (contiene huevo), E252), cuajo, fermentos lácticos. Cuña de queso de oveja añejo. Elaborado con leche cruda Corteza no comestible. AditiVos en corteza: conservadores E235. E202), colorante (E172). Origen de la leche: España.
8480017238955;El Diablo Mojito;Dia;d;4;E102;Tartrazina;alto;Agua carbonatada, azúcar, acidulante (ácido cítrico), corrector de acidez (E331), aroma natural de hierbabuena con otros aromas naturales, estabilizante (goma arábiga), edulcorantes (E955, E950), taurina 0,03%, cafeína 0,02%, conservador (E202), colorantes (E102, E133).
8480017242112;Queso Añejo;Dia;d;4;E252;Nitrato potásico;alto;Leche cruda de oveja (mín. 50%), leche de vaca pasteurizada (mín. 40%), sal, cuajó, estabilizante (E509), conservador (E252), fermentos lácticos. Corteza no comestible. Aditivos en corteza: conservadores (E202, E235), colorante (E172). Origen de la leche: España.
8480017245878;Chorizo Criollo oreado;Dia;e;4;E252;Nitrato potásico;alto;Carne de cerdo 91%, agua, sai, especias, dextrosa. sacarosa, proteína de guisante, dextrina, emulgentes E450 y E451, antioxidante E300, E301, E331 conservadores E50, E252, E-262, E262ii, proteina de cerdo, fibra sin gluten, aromas, extractos vegetales, acidulante E296, colorante E120 y tripa natural
8480017245908;Pechuga de pavo bajo en sal;Nuestra Alacena;b;4;E250;Nitrito sódico;alto;Pechuga de pavo (69%), agua, aromas, estabilizantes (E420, E451, E407a, ES dextrosa, sal,antioxidante (E316), conservadores (E262, E250).
8480017245915;Pechuga de pavo sándwich;Dia;c;4;E250;Nitrito sódico;alto;Pechuga de pavo (60%), agua, jarabe de glucosa, sal, conservadores (E326, E243, E250), estabilizantes (E420, E451, E450 E452), dextrosa, gelificantes (E407, E415), fibra vegetal, aromas, antioxidantes (E331, E301), extracto de especias.
8480017245977;Jamón cocido extra bajo en sal;Nuestra Alacena;c;4;E250;Nitrito sódico;alto;Jamón de cerdo (82%), agua, aromas, estabilizantes (E450, E508, E407), sal, dextrosa, azúcar, antioxidante (E316), conservador (E250).
8480017245984;Jamón cocido extra 97% carne;Dia;a;4;E250;Nitrito sódico;alto;Jamón de cerdo (97%), sal, dextrosa, jarabe de glucosa, aromas, antioxidantes (E331, E501), estabilizantes (E451, E450, E452), fibra vegetal, conservadores (E250, E743), extracto de especias.
8480017245991;Jamón cocido extra braseado;Dia;c;4;E250;Nitrito sódico;alto;jamón de cerdo (97%), sal, dextrina de maíz, aromas, estabilizantes (E451, E450), antioxidantes (E331, E301), fibra vegetal, conservadores (E250, E243).
8480017247711;;Dia;e;4;E250|E252;Nitrito sódico|Nitrato potásico;alto|alto;Magro de cerdo ibérico, tocino de cerdo ibérico, sal, pimentón, proteínas de la leche, lactosa, ajo, azúcar, estabilizante (E450), dextrina, antioxidantes (E316, E393), orégano molido, conservadores (E250, E252), colorante (E120)
8480017248107;Jamón serrano reserva medias lonchas;Dia;e;3;E250|E252;Nitrito sódico|Nitrato potásico;alto|alto;Jamón de cerdo (100 g),  sal,  antioxidante (E301),  conservadores (E250, E252).
8480017248138;Paleta curada reserva 50 % duroc;Dia;e;3;E252|E250;Nitrato potásico|Nitrito sódico;alto|alto;Paleta de cerdo (94,7%), sal, azúcar, conservantes (E252, E250), antioxidante (E301).
8480017248145;Paleta curada reserva;Dia;e;3;E250;Nitrito sódico;alto;Paleta curada Reserva. : paleta de cerdo (143 g de paleta de cerdo utilizados para elaborar 100 g de producto final), sal, antioxidante (E301), conservadores (E250, EŽ52). Valores energéticos y nutricionales medios por 100g Conservar entre O y7 °C. Una vez abierto consurnir
8480017248329;Bockwurst;Dia;d;4;E250;Nitrito sódico;alto;Carne de cerdo (75%) sal yodada (sal, yodato de potasio), agua, estabilizante (E450), antioxidante (E300), especias, azúcar,  conservador (E250), humo de madera de haya. Puede contener trazas de mostaza, apio, leche.
8480017248824;Salami extra;Dia;e;4;E250|E252;Nitrito sódico|Nitrato potásico;alto|alto;Carne de cerdo y tocino de cerdo (101 g de carne y tocino de cerdo utilizados para elaborar 100 g de producto final), lactosa, sal, proteínas de la leche, aroma natural, maltodextrina, dextrosa, especias, estabilizantes (E451, E450), ajo, aroma de humo, extracto de remolacha, antioxidantes (E316, E3
8480017248886;Salchichón ibérico extra en lonchas;Dia;e;4;E250|E252;Nitrito sódico|Nitrato potásico;alto|alto;Magro de cerdo ibérico, tocino de cerdo ibérico, sal, lactosa, caseinato sódico (contiene leche), dextrosa, dextrina, pimienta blanca, azúcar, aromas, emulgentes (E450, E452, E451), antioxidantes (E301, E392), conservadores (E250, E252), colorante (E120).
8480017255273;Pechuga de pollo braseado;Dia;c;4;E250;Nitrito sódico;alto;Pechuga de pollo (70%), agua, sal, dextrosa, fibra vegetal, estabilizantes (E407, E451), antioxidante (E316), aromas, aroma de humo, conservador (E250), colorante (E120). Puede contener trazas de soja. Valores energéticos y nutricionales medios por 100 g
8480017259240;Salsichas Baviera;Dia;d;4;E250;Nitrito sódico;alto;carne separada Mecánicamente de pollo, grasa y corteza de cerdo, agua, sal, almidón de patata, estabilizantes (E466, E451), azúcar, proteina de soja, especias y aromas, antioxidante (E316), aroma de humo, conservador (E250).
8480017281647;Paté de hígado de cerdo intenso;Dia;e;4;E250;Nitrito sódico;alto;Hígado de cerdo (28%), tocino de cerdo, agua, carne de cerdo, harina de arroz, fibra vegetal, proteína de cerdo, sal, conservador (E250), antioxidante (E301), estabilizante (carragenano).
8480017304797;Pizza Jamón y Queso;Dia;d;4;E250;Nitrito sódico;alto;Harina de _trigo_, harina de _centeno_, _queso_ mozzarela 22%, jamón cocido 20% (cerdo, agua, aromas, dextrosa, sal, establizantes (E451, E407, E262, E508, E412), antioxidante (E316), conservador (E250)), agua, salsa de tomate (tomate concentrado, agua, azúcar, almidón modificado de maíz, sal, antio
8480017304803;Pizza atún y bacon;Dia;c;4;E250;Nitrito sódico;alto;harina de trigo y centeno, queso mozzarella (21%) (contiene huevo), tomate concentrado (16%) (tomate, agua, azúcar, almidón de maíz, fécula de patata, sal, antioxidante (E330), especias], bacon (14%) [panceta de cerdo, sal, azúcar, estabilizante (E451), antioxidante (E316), conservador (E250), agua,
8480017308245;;Dia;c;4;E952;Ciclamato;alto;Agua carbonatada, acidulante (ácido cítrico), edulcorantes (E952, E950, E954), aroma natural, aroma (quinina)
8480017329127;Chistorra;Dia;e;4;E250|E252;Nitrito sódico|Nitrato potásico;alto|alto;Carne y grasa de cerdo (95%), sal, pimentón, ajo, antioxidante (E301), conservadores (E250, E252). Envoltura comestible (colágeno de vacuno, agua, estabilizantes (E422, E460), aceite de colza).
8480017367020;Tagliatelle Carbonara;Dia;c;4;E250;Nitrito sódico;alto;pasta alimenticia de calidad superior (70%) (sémola de trigo duro), lactosa, preparado de aceite en polvo (aceite de paima, jarabe de glucosa, proteínas de la leche], queso fundido en polvo (6,9%) [queso, lactosuero en polvo, sal], bacon (1,9%) [carne de cerdo, sal, conservador (E250), acidulante (E
8480017390219;Espetec Extra;Dia;e;4;E250|E252;Nitrito sódico|Nitrato potásico;alto|alto;Paleta, magro, panceta de cerdo y masa madre de longaniza fresca (magros de cerdo, sal, antioxidante (sulfito de sodio)) (92%), lactosa, sal, especias, antioxidante (E316), conservadores (E250, E252) y tripa natural de cerdo de calibre estrecho.
8480017438720;Cola Light - Sin cafeína;Dia;c;4;E952;Ciclamato;alto;agua carbonatada, colorante (E150d), acidulantes (E338, E330), edulcorantes (E952, E951***, É950), conservador (E202) y aromas. **&quot,Contiene aspartamo (una fuente de fenilalanina).
8480017443250;Fiambre de pechuga de pavo;dia;c;4;E250;Nitrito sódico;alto;Pechuga de pavo (55%), agua, fécula de patata, sal, leche entera en polvo, proteína de soja, azúcar, dextrosa de maíz, aromas, estabilizantes (E451, E407), antioxidante (E316), conservador (E250). _Puede cotener trazas de huevos y apio._
8480017519795;Queso Semicurado;Dia;d;4;E252;Nitrato potásico;alto;leche pasteurizada de vaca (min 80%), leche pasteurizada de oveja (min. 12 %), sal, cuajo, fermentos lácticos y conservador (E252) Aditivos en corteza, Conservadores (E202, E35) y colorante (E172)
8480017529749;Croquetas de jamón;dia;d;;E252|E250;Nitrato potásico|Nitrito sódico;alto|alto;agua, harina de trigo, jamón curado 13%, jamón de cerdo, sal, azúcares, conservadores (E252),(E250), antioxidante (E301), pan rallado (harina de trigo, agua,sal y levadura), aceite de girasol, (6%,), lactosuero, almidón de maíz, cebolla en polvo.
8480017646927;Preparado en polvo sabor naranja;Dia;unknown;4;E952;Ciclamato;alto;azúcar, acidulante (E330). aromas, corrector de acidez (E331), maltodextrina, aceites vegetales (palma, palmiste y coco en proporción variable), espesantes (E412, E414), edulcorantes (E952, E954), antiagiomerante E341), vitamina C, zumo de remolacha en polvo (maltodextrina, zumo de remolacha concent
8480017661180;Magro de cerdo cocido;Dia;d;4;E250;Nitrito sódico;alto;magro de cerdo (83,8% ), agua, sal, estabilizantes (E451, E452, E407, E415, E410), gelatina, azúcar, especias, potenciador del sabor (E621), antioxidante (E301), conservador (E250). Puede contener trazas de gluten.
8480017743398;Arroz Tres Delicias Tradicional;DIA;b;4;E250;Nitrito sódico;alto;arroz blanco (arroz, aguaar, estabilizantes (E451, E407), de cerdo, agua, fécula de patata, sal, azúc antioxidante (E316), conservador (E250), colorante (E120) y especias), guisante (7%),zana de maíz, aceite de girasol, sal, zumo de limón, ajo en polvo, cúrcuma y horia (7%), tortilla(huevo entero li
8480024770141;Paté a la pimienta;Alteza;e;4;E250;Nitrito sódico;alto;Tocino de cerdo, hígado de cerdo (22,7%), agua, carne de cerdo, cebolla, sal, proteina animal, proteina de soja, azúcar, aromas, pimienta negra (0,45%), dextrosa, antioxidante (E-301) y conservante E250
8480024810861;Taquitos de jamón curado;Alteza;e;4;E252;Nitrato potásico;alto;JAMON CURADO 100 g. Jamón de cerdo (100 g de jamón provienen de 143 g de carne), sal, dextrosa, antioxidante (E-301) y conservadores (E-250, E252).
8594159532779;Multi mega sport stack;;not-applicable;4;E110;Amarillo Ocaso FCF;alto;Fosfato dicálcico (calcio, fósforo), óxido de magnesio, á amine C), agente de carga (celulosa microcristalina), acetato de D,L-a-tocoferilo (vitamina E, es extracto de equinacea (Echinacea purpurea, planta entera), extracto de ginseng siberia Beutherococcus senticosus, raiz), estabilizante (ácido es
8710243907418;Queso semicurado;Old Amsterdam;d;3;E251;Nitrato sódico;alto;Leche pasteurizada de vaca, sal, fermentos lácticos, coagulante microbiano, E251, carotenos
8710243960505;Old Amsterdam;Old Amsterdam,Westland;e;3;E251;Nitrato sódico;alto;milk (pasteurized), salt, lactic acid (milk), rennet, preservative (e251), dye (carotenes)
8710912054382;Queso gouda;Holland Corona;d;4;E251;Nitrato sódico;alto;Leche de vaca pasteurizada, sal, fermentos lácticos, coagulante de leche microbiano, conservador E251 y colorante caroteno. Corteza de plástico no comestible. Conservar refrigerado entre 0°CY +7°C Queijo Gouda 48% M.G./E.S. Ingredientes: Leite de vaca pasteurizado, sal, fermentos lácteos, coagulante
8712243075982;Queso;Beemster;d;4;E251;Nitrato sódico;alto;Leche de vaca pasteurizada, sal, fermentos Lácticos, cuajo, conservador E251, colorante annatto (E 160b).
8712514099143;Zoethoutdrop;Meenk;unknown;4;E171;Dióxido de titanio;alto;Â suiker, melasse, TARWEbloem, glucosestroop, zoethoutwortelextract, droppoeder 3% (zoethoutwortelextract, suiker, dextrose, maiszetmeel), kokosvet, salmiakzout, gemodificeerd aardappelzetmeel, stabilisator (E420), kokosolie, kleurstof (E171), natuurlijk anijs aroma, emulgator (E471).
8714100330968;Runder Rookworst;unox;e;4;E250;Nitrito sódico;alto;DIT ZIT ER IN Ingredienten: Rundvlees 84%', water, nijutebloem zout, raapzaadolie, rundercollageen, rookarom stabilisator (E451, E452), voedingszuur: citroenzuur, antioxidant (ascorbinezuur, rozemarijnextract), dextrose, specerij-eantm (nootmuskaat, zwarte peper, chilipeper, koriander), aardappelzet
8714555001536;Zwan Jumbo Frankfurter;Zwan;d;4;E250;Nitrito sódico;alto;Hot dog sausages containing pork and mechanically separated chicken m Ingredients: Pork 42%, of which mechanically separated pork 15% me cally separated chicken 42%, water, potato starch, salt, hydmised m te stabilisers: E451, E452, spices, dextrose, antioxidant, Esp colour: E155, preservative: E250
8717371580506;Dr. Sour;;unknown;4;E104|E129;Amarillo de quinoleína|Rojo Allura AC;alto|alto;Dextrose, Glukosesirup, Säureregulator: E330, Bindemittel: E551, Aromen, Farbstoffe: E104, E129, E133. FR) Confiserie - Ingrédients: dextrose, sirup de glucose, régulateur d'acidité: E330, agent liant: E551, arômes, colorants: E104, E129, E133. IT) Caramelle - Ingredienti: destrosio, sciroppo di glu
8718531933637;Solfy sugar pearls gold;fun cakes;e;4;E171;Dióxido de titanio;alto;Destrosio, zucchero, sciroppo di glucosio, farina di riso, colorante: E100, E171, E172, lucidante: E904, aroma, olio vegetale (noce di cocco), regolatore di acidità, sale. Può contenere tracce di: glutine, latte e soia.
8718907442817;Tapas Jamin Ibetico, lono, pan de salchichon;Alberthein;unknown;4;E250|E252;Nitrito sódico|Nitrato potásico;alto|alto;Varkensvlees, zout, dextrine, specerijen, suiker, lactose, aroma, dextrose, antioxidant (natriumascorbaat [E301], kaliumlactaat [E326]), conserveermiddel (natriumnitriet [E250], kaliumnitraat [E252]), stabilisator (polyfosfaat [E452]). Waarvan toegevoegde suikers gemiddeld 1.1g per 100 gram en waarv
8718907533553;luxe baguette kip caesar;Albert Heijn;c;4;E250;Nitrito sódico;alto;Te gebrulken tot en met: zie voorzijde, mits gekoeld bewaard verzadigde vetzuren 1,7 g, onverzadigde Wit tarwe baguette met kip, 13% caesarsaus, Ingredlěnten: tarwebloem, 19% kipfilet, water, plantaardige Allergie-informatie: bevat ei, tarwegluten, lactose, melkeiwit, 8,6% gekookt scharrelei, 7,6% r
8723400780977;Mentos Pure Fresh;Mentos;not-applicable;4;E321;BHT (Butilhidroxitolueno);alto;édulcorants (E967, E420, E421, E951, E950), gomme base, stabilisant (E422), maltodextrine, amidon, émulsifiants (lécithine de soja E473), extrait de thé vert (0,1 %), épaississants (E415, E466), graisse de coco, antioxydant (E321), agent d’enrobage (E903), colorant (E133).  Source de phénylalanine. 
8723400825678;;;unknown;4;E321;BHT (Butilhidroxitolueno);alto;dextrose, suiker, voedingszuur (citroenzuur), zuurteregelaar (natriumcarbonaten), glucosestroop, maltodextrine, antiklontermiddelen (magnesiumzouten van vetzuren, mono - en diglyceriden van vetzuren), glucosestroop, suiker, kokosolie, vruchtensappen (citroen, kers), voedingszuren (citroenzuur, appel
8809041427423;Farmer's - Aloe vera mango drink;OKF;c;4;E110;Amarillo Ocaso FCF;alto;Water, aloe vera juice 14%, aloe vera gel 6%, fructose, sugar, acidity regulator, citric acid E330, sodium citrate, stabilizer calcium lactate, gellan gum, mango flavor, colors E160A, E110, sweetener sucaralose.
8809041427485;Farmer's aloe verra;Okf;b;4;E129;Rojo Allura AC;alto;Eau, jus d'aloe vera (14%), aloe vera gel (6%), fructose, sucre, régulateur d'acidité (acide citrique (E330), citrate sodique), stabilisateur (lactate de calcium, gomme de gellan), arôme de fraise, édulcorant (sucralose), colorant (E129).
8850389107515;Lychee Flavored Drink with Nata de Coco;Mogu mogu;unknown;4;E129;Rojo Allura AC;alto;DE-Limonade mit Litschigeschmack und Nata de coco: Wasser, Kokosgel 25% (Kokoswasser, Zucker, Säureregulator: E260), Zucker, Fructose, Säureregulatoren:  E330, E327, Litschiaroma, Konservierungsstoff: E211, Geliermittel: E418, Farbstoff: E129 (kann Aktivität und Aufmerksamkeit bei Kindern beeinträch
8850389115725;;Mogu mogu;unknown;4;E110|E129;Amarillo Ocaso FCF|Rojo Allura AC;alto|alto;Bevanda al gusto pesca con nata de coco Ingredienti: acqua, gelatin di coco Prod (acqua di cocco, zuccherc zucchero, fruttosio, correttere Sappe Publ 8 Moo 7 P di acidità E330, correttore di acidità Lam Luka E327, aroma, conservant E211, stabilizzante E418, colorante (E110*, E129*), &quot,Può influi
8852018101147;Grilled Chicken Flavour;Yum Yum;e;4;E320;BHA (Butilhidroxianisol);alto;Nouilles: farine de blé, huile de palme(contient antioxygene:E320), amidon de tapioca, bouillon en poudre (arôme, exhausteurs de goût : E627, E631, extrait de levure), sel, correcteurs d'acidité: E500, E452, E451, épaississant : E466. Assaisonnement: sucre. huile de palme (contient antioxygène : E32
9002859076572;Jelly Beans Im 250g Beutel Von Woogie;Woogie;e;4;E171;Dióxido de titanio;alto;sucre, sirop de glucose, eau, amidon de mais, arómes naturels, agents (enrobage: E901, E903, E904, acidifiants, E297, E330, huile de noix de coco, concentrés de spiruline, carthame, carotte, cassis, colorants, E100, E120, E150a, E13, E171,
9432403273261;Crema de vinagre balsámico al eneldo;Vega de Aranjuez;not-applicable;4;E102;Tartrazina;alto;Vinagre de vino, mosto de uva concentrado, almidón modificado, aroma natural de eneldo, conservante: E220, colorantesi E150d, E102, E133. Contiene Sulfitos.